0.0,inf,0.047563086854780834,0.12460915700135156,inf,inf,inf,inf,inf,inf,inf,0.1745778069307481,0.03616476574009431,inf,inf,inf,0.023284375040815375,0.07166065092894369,inf,inf,0.030602764473732225,0.04466858789625361,0.07013329944364421,0.04403000679596414,inf,0.17724081412605996,0.10466830466830468,0.10938421072614168,inf,0.191031941031941,0.03132221207407637,inf,inf,0.11507890253208597,0.095616836702062,inf,inf,0.48358602402644735,inf,inf,0.03572747775646312,inf,0.14956626385197813,inf,inf,inf,inf,inf,inf,inf,inf,inf,inf,inf,inf,inf,inf,inf,inf,inf,inf,inf,inf,inf,inf,inf,inf,inf,inf,inf,inf,inf,inf,inf,inf,inf,inf,inf,inf,inf,inf,inf,inf,inf,inf,inf,inf,inf,inf,inf,inf,inf,inf,inf,inf,inf,inf,inf,inf,inf
inf,0.0,inf,inf,inf,inf,0.052795031055900665,0.05279503105590061,0.03844537944274218,0.052795031055900665,0.05279503105590061,inf,inf,0.05279503105590061,inf,0.0548780487804878,inf,inf,0.05279503105590061,inf,inf,inf,inf,inf,inf,inf,inf,inf,0.025566035014853883,inf,inf,inf,0.05279503105590061,inf,inf,0.05279503105590061,inf,inf,0.05279503105590061,inf,inf,inf,inf,inf,inf,inf,inf,inf,inf,inf,inf,inf,inf,inf,inf,inf,inf,inf,inf,inf,inf,inf,inf,inf,inf,inf,inf,inf,inf,inf,inf,inf,inf,inf,inf,inf,inf,inf,inf,inf,inf,inf,inf,inf,inf,inf,inf,inf,inf,inf,inf,inf,inf,inf,inf,inf,inf,inf,inf,inf
0.047563086854780834,inf,0.0,0.16009881986598717,inf,inf,inf,inf,inf,inf,inf,0.2100674697953837,0.07165442860472993,inf,inf,inf,0.046426941660094756,0.03792950117228555,inf,inf,0.06609242733836784,0.020926694646822064,0.10562296230827983,0.07951966966059976,inf,0.21273047699069558,0.1401579675329403,0.07389454786150607,inf,0.2265216038965766,0.04642984752624868,inf,inf,0.1505685653967216,0.13110649956669762,inf,inf,0.519075686891083,inf,inf,0.033476108375524616,inf,0.18505592671661375,inf,inf,inf,inf,inf,inf,inf,inf,inf,inf,inf,inf,inf,inf,inf,inf,inf,inf,inf,inf,inf,inf,inf,inf,inf,inf,inf,inf,inf,inf,inf,inf,inf,inf,inf,inf,inf,inf,inf,inf,inf,inf,inf,inf,inf,inf,inf,inf,inf,inf,inf,inf,inf,inf,inf,inf,inf
0.12460915700135156,inf,0.16009881986598717,0.0,inf,inf,inf,inf,inf,inf,inf,0.049968649929396536,0.08844439126125725,inf,inf,inf,0.13177066900547862,0.19626980793029525,inf,inf,0.09400639252761933,0.15454119300555968,0.05447585755770734,0.08057915020538742,inf,0.0564373897707231,0.02322005248609016,0.23399336772749324,inf,0.06642278403058943,0.13391983448278055,inf,inf,0.03873426456847995,0.03469964253973612,inf,inf,0.3589768670250958,inf,inf,0.13783382892167573,inf,0.02498705704812576,inf,inf,inf,inf,inf,inf,inf,inf,inf,inf,inf,inf,inf,inf,inf,inf,inf,inf,inf,inf,inf,inf,inf,inf,inf,inf,inf,inf,inf,inf,inf,inf,inf,inf,inf,inf,inf,inf,inf,inf,inf,inf,inf,inf,inf,inf,inf,inf,inf,inf,inf,inf,inf,inf,inf,inf,inf
inf,inf,inf,inf,0.0,inf,inf,inf,inf,inf,inf,inf,inf,inf,inf,inf,inf,inf,inf,inf,inf,inf,inf,inf,inf,inf,inf,inf,inf,inf,inf,0.28009818360333816,inf,inf,inf,inf,inf,inf,inf,inf,inf,inf,inf,inf,inf,inf,inf,0.1316779914336056,inf,inf,inf,inf,inf,inf,inf,inf,inf,0.2245798105777248,inf,inf,inf,0.27704479273194893,0.1281881678061989,inf,0.12556569854453736,0.22348816150381023,0.06034435173594166,0.0788640989841154,0.06349111283035558,0.16453572216479628,inf,0.13231706665101217,inf,0.0607418726793979,0.2811692279490978,0.14678695319164314,0.1649726932322444,0.1445841610790064,0.20110498772367214,0.09636513454834994,inf,inf,inf,inf,inf,inf,inf,inf,0.1314337756217807,inf,inf,inf,inf,inf,inf,inf,inf,inf,inf,inf
inf,inf,inf,inf,inf,0.0,inf,inf,inf,inf,inf,inf,inf,inf,0.19334733893557432,inf,inf,inf,inf,0.07410714285714293,inf,inf,inf,inf,0.11937229437229446,inf,inf,inf,inf,inf,inf,inf,inf,inf,inf,inf,0.10357490854202267,inf,inf,0.07116413729670978,inf,0.2862912879212959,inf,0.1685694627535328,0.17448668927373634,0.0794917819308062,0.3187751572729488,inf,0.09073173501712717,0.17173022325461362,0.04077430570141638,0.03394744092418511,0.21912935002365908,0.13849281349281362,0.19142988214476853,0.2936894527233659,0.21695761035140848,inf,0.030633540957899608,0.05046000157940467,0.11676603538305674,inf,inf,0.09706224606289615,inf,inf,inf,inf,inf,inf,0.043798195007711094,inf,0.29176132226590945,inf,inf,inf,inf,inf,inf,inf,inf,inf,inf,inf,inf,inf,inf,inf,inf,inf,inf,inf,inf,inf,inf,inf,inf,inf,inf,inf
inf,0.052795031055900665,inf,inf,inf,inf,0.0,0.024839408945369235,0.05220188025729833,0.025691699604743157,0.05811906948270584,inf,inf,0.05811906948270584,inf,0.04501922317667295,inf,inf,0.0424465240641711,inf,inf,inf,inf,inf,inf,inf,inf,inf,0.05809436527045697,inf,inf,inf,0.05811906948270584,inf,inf,0.02615693023431742,inf,inf,0.026747608535687917,inf,inf,inf,inf,inf,inf,inf,inf,inf,inf,inf,inf,inf,inf,inf,inf,inf,inf,inf,inf,inf,inf,inf,inf,inf,inf,inf,inf,inf,inf,inf,inf,inf,inf,inf,inf,inf,inf,inf,inf,inf,inf,inf,inf,inf,inf,inf,inf,inf,inf,inf,inf,inf,inf,inf,inf,inf,inf,inf,inf,inf
inf,0.05279503105590061,inf,inf,inf,inf,0.024839408945369235,0.0,0.05220188025729833,0.022075222075222056,0.03983240128213872,inf,inf,0.04607843137254902,inf,0.04958297888983404,inf,inf,0.041924550545240136,inf,inf,inf,inf,inf,inf,inf,inf,inf,0.03983240128213872,inf,inf,inf,0.041059413399838984,inf,inf,0.023233377690083934,inf,inf,0.03798560173865795,inf,inf,inf,inf,inf,inf,inf,inf,inf,inf,inf,inf,inf,inf,inf,inf,inf,inf,inf,inf,inf,inf,inf,inf,inf,inf,inf,inf,inf,inf,inf,inf,inf,inf,inf,inf,inf,inf,inf,inf,inf,inf,inf,inf,inf,inf,inf,inf,inf,inf,inf,inf,inf,inf,inf,inf,inf,inf,inf,inf,inf
inf,0.03844537944274218,inf,inf,inf,inf,0.05220188025729833,0.05220188025729833,0.0,0.04984517907879216,0.05220188025729833,inf,inf,0.05220188025729833,inf,0.0548780487804878,inf,inf,0.05220188025729833,inf,inf,inf,inf,inf,inf,inf,inf,inf,0.042660786997222866,inf,inf,inf,0.05220188025729833,inf,inf,0.05220188025729833,inf,inf,0.05220188025729833,inf,inf,inf,inf,inf,inf,inf,inf,inf,inf,inf,inf,inf,inf,inf,inf,inf,inf,inf,inf,inf,inf,inf,inf,inf,inf,inf,inf,inf,inf,inf,inf,inf,inf,inf,inf,inf,inf,inf,inf,inf,inf,inf,inf,inf,inf,inf,inf,inf,inf,inf,inf,inf,inf,inf,inf,inf,inf,inf,inf,inf
inf,0.052795031055900665,inf,inf,inf,inf,0.025691699604743157,0.022075222075222056,0.04984517907879216,0.0,0.055293768042112446,inf,inf,0.055293768042112446,inf,0.0426558821295665,inf,inf,0.04114219114219109,inf,inf,inf,inf,inf,inf,inf,inf,inf,0.055293768042112446,inf,inf,inf,0.055293768042112446,inf,inf,0.023878905229019698,inf,inf,0.01898839137645103,inf,inf,inf,inf,inf,inf,inf,inf,inf,inf,inf,inf,inf,inf,inf,inf,inf,inf,inf,inf,inf,inf,inf,inf,inf,inf,inf,inf,inf,inf,inf,inf,inf,inf,inf,inf,inf,inf,inf,inf,inf,inf,inf,inf,inf,inf,inf,inf,inf,inf,inf,inf,inf,inf,inf,inf,inf,inf,inf,inf,inf
inf,0.05279503105590061,inf,inf,inf,inf,0.05811906948270584,0.03983240128213872,0.05220188025729833,0.055293768042112446,0.0,inf,inf,0.04607843137254902,inf,0.0548780487804878,inf,inf,0.044683257918552044,inf,inf,inf,inf,inf,inf,inf,inf,inf,0.03928961109812179,inf,inf,inf,0.046434732604945406,inf,inf,0.04687533383185555,inf,inf,0.0452921023096462,inf,inf,inf,inf,inf,inf,inf,inf,inf,inf,inf,inf,inf,inf,inf,inf,inf,inf,inf,inf,inf,inf,inf,inf,inf,inf,inf,inf,inf,inf,inf,inf,inf,inf,inf,inf,inf,inf,inf,inf,inf,inf,inf,inf,inf,inf,inf,inf,inf,inf,inf,inf,inf,inf,inf,inf,inf,inf,inf,inf,inf
0.1745778069307481,inf,0.2100674697953837,0.049968649929396536,inf,inf,inf,inf,inf,inf,inf,0.0,0.13841304119065378,inf,inf,inf,0.18173931893487516,0.24623845785969178,inf,inf,0.14397504245701587,0.20450984293495622,0.10444450748710388,0.13054780013478395,inf,0.0564373897707231,0.06990950226244341,0.2839620176568898,inf,0.032509157509157505,0.1838884844121771,inf,inf,0.05949890439866212,0.07896097022868609,inf,inf,0.30900821709569926,inf,inf,0.18780247885107226,inf,0.04650019389507509,inf,inf,inf,inf,inf,inf,inf,inf,inf,inf,inf,inf,inf,inf,inf,inf,inf,inf,inf,inf,inf,inf,inf,inf,inf,inf,inf,inf,inf,inf,inf,inf,inf,inf,inf,inf,inf,inf,inf,inf,inf,inf,inf,inf,inf,inf,inf,inf,inf,inf,inf,inf,inf,inf,inf,inf,inf
0.03616476574009431,inf,0.07165442860472993,0.08844439126125725,inf,inf,inf,inf,inf,inf,inf,0.13841304119065378,0.0,inf,inf,inf,0.043326277744221375,0.107825416669038,inf,inf,0.03592127892000019,0.06609680174430244,0.03396853370354991,0.03712160538628417,inf,0.14107604838596566,0.06850353892821037,0.145548976466236,inf,0.15486717529184668,0.045475443221523304,inf,inf,0.07891413679199166,0.059452070961967696,inf,inf,0.44742125828635304,inf,inf,0.04938943766041848,inf,0.11340149811188383,inf,inf,inf,inf,inf,inf,inf,inf,inf,inf,inf,inf,inf,inf,inf,inf,inf,inf,inf,inf,inf,inf,inf,inf,inf,inf,inf,inf,inf,inf,inf,inf,inf,inf,inf,inf,inf,inf,inf,inf,inf,inf,inf,inf,inf,inf,inf,inf,inf,inf,inf,inf,inf,inf,inf,inf,inf
inf,0.05279503105590061,inf,inf,inf,inf,0.05811906948270584,0.04607843137254902,0.05220188025729833,0.055293768042112446,0.04607843137254902,inf,inf,0.0,inf,0.04958297888983404,inf,inf,0.044683257918552044,inf,inf,inf,inf,inf,inf,inf,inf,inf,0.04607843137254902,inf,inf,inf,0.03181771763280361,inf,inf,0.04687533383185555,inf,inf,0.0452921023096462,inf,inf,inf,inf,inf,inf,inf,inf,inf,inf,inf,inf,inf,inf,inf,inf,inf,inf,inf,inf,inf,inf,inf,inf,inf,inf,inf,inf,inf,inf,inf,inf,inf,inf,inf,inf,inf,inf,inf,inf,inf,inf,inf,inf,inf,inf,inf,inf,inf,inf,inf,inf,inf,inf,inf,inf,inf,inf,inf,inf,inf
inf,inf,inf,inf,inf,0.19334733893557432,inf,inf,inf,inf,inf,inf,inf,inf,0.0,inf,inf,inf,inf,0.11924019607843139,inf,inf,inf,inf,0.0859180035650624,inf,inf,inf,inf,inf,inf,inf,inf,inf,inf,inf,0.26642248659763523,inf,inf,0.1469340855990059,inf,0.12213622291021675,inf,0.057627514711193206,0.05763055122414107,0.25196659169860725,0.4943074003795067,inf,0.25357931307273973,0.039410481648024076,0.20213679341468394,0.16317257478948288,0.05702542326746163,0.07583844348550228,0.3542774602003811,0.10034211378779156,0.39764177922477884,inf,0.2059757236227825,0.15491752256458136,0.07658130355251758,inf,inf,0.11840120663650067,inf,inf,inf,inf,inf,inf,0.20664577306332366,inf,0.09841398333033513,inf,inf,inf,inf,inf,inf,inf,inf,inf,inf,inf,inf,inf,inf,inf,inf,inf,inf,inf,inf,inf,inf,inf,inf,inf,inf,inf
inf,0.0548780487804878,inf,inf,inf,inf,0.04501922317667295,0.04958297888983404,0.0548780487804878,0.0426558821295665,0.0548780487804878,inf,inf,0.04958297888983404,inf,0.0,inf,inf,0.03896517956776213,inf,inf,inf,inf,inf,inf,inf,inf,inf,0.0548780487804878,inf,inf,inf,0.032482008381200966,inf,inf,0.0496430256378908,inf,inf,0.04737628384687198,inf,inf,inf,inf,inf,inf,inf,inf,inf,inf,inf,inf,inf,inf,inf,inf,inf,inf,inf,inf,inf,inf,inf,inf,inf,inf,inf,inf,inf,inf,inf,inf,inf,inf,inf,inf,inf,inf,inf,inf,inf,inf,inf,inf,inf,inf,inf,inf,inf,inf,inf,inf,inf,inf,inf,inf,inf,inf,inf,inf,inf
0.023284375040815375,inf,0.046426941660094756,0.13177066900547862,inf,inf,inf,inf,inf,inf,inf,0.18173931893487516,0.043326277744221375,inf,inf,inf,0.0,0.06449913892481662,inf,inf,0.03776427647785929,0.043840867036743336,0.07729481144777128,0.05119151880009121,inf,0.18440232613018703,0.11182981667243175,0.10222269872201462,inf,0.19819345303606806,0.027619876112281228,inf,inf,0.12224041453621304,0.10277834870618907,inf,inf,0.4907475360305744,inf,inf,0.042701869217845356,inf,0.1567277758561052,inf,inf,inf,inf,inf,inf,inf,inf,inf,inf,inf,inf,inf,inf,inf,inf,inf,inf,inf,inf,inf,inf,inf,inf,inf,inf,inf,inf,inf,inf,inf,inf,inf,inf,inf,inf,inf,inf,inf,inf,inf,inf,inf,inf,inf,inf,inf,inf,inf,inf,inf,inf,inf,inf,inf,inf,inf
0.07166065092894369,inf,0.03792950117228555,0.19626980793029525,inf,inf,inf,inf,inf,inf,inf,0.24623845785969178,0.107825416669038,inf,inf,inf,0.06449913892481662,0.0,inf,inf,0.10226341540267592,0.04172861492473556,0.1417939503725879,0.11569065772490783,inf,0.24890146505500366,0.17632895559724837,0.03792950117228555,inf,0.2626925919608847,0.062349973447514695,inf,inf,0.18673955346102966,0.1672774876310057,inf,inf,0.555246674955391,inf,inf,0.05843597900861952,inf,0.22122691478092182,inf,inf,inf,inf,inf,inf,inf,inf,inf,inf,inf,inf,inf,inf,inf,inf,inf,inf,inf,inf,inf,inf,inf,inf,inf,inf,inf,inf,inf,inf,inf,inf,inf,inf,inf,inf,inf,inf,inf,inf,inf,inf,inf,inf,inf,inf,inf,inf,inf,inf,inf,inf,inf,inf,inf,inf,inf
inf,0.05279503105590061,inf,inf,inf,inf,0.0424465240641711,0.041924550545240136,0.05220188025729833,0.04114219114219109,0.044683257918552044,inf,inf,0.044683257918552044,inf,0.03896517956776213,inf,inf,0.0,inf,inf,inf,inf,inf,inf,inf,inf,inf,0.044683257918552044,inf,inf,inf,0.032700756838687894,inf,inf,0.026609465096307128,inf,inf,0.03798560173865795,inf,inf,inf,inf,inf,inf,inf,inf,inf,inf,inf,inf,inf,inf,inf,inf,inf,inf,inf,inf,inf,inf,inf,inf,inf,inf,inf,inf,inf,inf,inf,inf,inf,inf,inf,inf,inf,inf,inf,inf,inf,inf,inf,inf,inf,inf,inf,inf,inf,inf,inf,inf,inf,inf,inf,inf,inf,inf,inf,inf,inf
inf,inf,inf,inf,inf,0.07410714285714293,inf,inf,inf,inf,inf,inf,inf,inf,0.11924019607843139,inf,inf,inf,inf,0.0,inf,inf,inf,inf,0.045265151515151536,inf,inf,inf,inf,inf,inf,inf,inf,inf,inf,inf,0.1484037627146394,inf,inf,0.03851480588269163,inf,0.2401549467932126,inf,0.09446231989638987,0.10037954641659341,0.13272639562017585,0.3750672043010753,inf,0.1355605891897439,0.0976230803974707,0.08346876766534761,0.04515385090648705,0.17430049585104235,0.06438567063567069,0.23625873631738525,0.21958230986622296,0.27840158314634744,inf,0.0867355275443511,0.03689879868158552,0.06732512033106586,inf,inf,0.04340701219512194,inf,inf,inf,inf,inf,inf,0.08862704918032782,inf,0.21765417940876652,inf,inf,inf,inf,inf,inf,inf,inf,inf,inf,inf,inf,inf,inf,inf,inf,inf,inf,inf,inf,inf,inf,inf,inf,inf,inf,inf
0.030602764473732225,inf,0.06609242733836784,0.09400639252761933,inf,inf,inf,inf,inf,inf,inf,0.14397504245701587,0.03592127892000019,inf,inf,inf,0.03776427647785929,0.10226341540267592,inf,inf,0.0,0.060534800477940354,0.03953053496991199,0.02534959625507205,inf,0.14663804965232774,0.07406554019457245,0.1399869751998739,inf,0.16042917655820876,0.03991344195516122,inf,inf,0.08447613805835374,0.06501407222832978,inf,inf,0.4529832595527151,inf,inf,0.043827436394056396,inf,0.11896349937824591,inf,inf,inf,inf,inf,inf,inf,inf,inf,inf,inf,inf,inf,inf,inf,inf,inf,inf,inf,inf,inf,inf,inf,inf,inf,inf,inf,inf,inf,inf,inf,inf,inf,inf,inf,inf,inf,inf,inf,inf,inf,inf,inf,inf,inf,inf,inf,inf,inf,inf,inf,inf,inf,inf,inf,inf,inf
0.04466858789625361,inf,0.020926694646822064,0.15454119300555968,inf,inf,inf,inf,inf,inf,inf,0.20450984293495622,0.06609680174430244,inf,inf,inf,0.043840867036743336,0.04172861492473556,inf,inf,0.060534800477940354,0.0,0.10006533544785234,0.07396204280017227,inf,0.2071728501302681,0.1346003406725128,0.07945217472193356,inf,0.22096397703614912,0.04006711750648295,inf,inf,0.1450109385362941,0.12554887270627013,inf,inf,0.5135180600306555,inf,inf,0.034780125126718464,inf,0.17949829985618626,inf,inf,inf,inf,inf,inf,inf,inf,inf,inf,inf,inf,inf,inf,inf,inf,inf,inf,inf,inf,inf,inf,inf,inf,inf,inf,inf,inf,inf,inf,inf,inf,inf,inf,inf,inf,inf,inf,inf,inf,inf,inf,inf,inf,inf,inf,inf,inf,inf,inf,inf,inf,inf,inf,inf,inf,inf
0.07013329944364421,inf,0.10562296230827983,0.05447585755770734,inf,inf,inf,inf,inf,inf,inf,0.10444450748710388,0.03396853370354991,inf,inf,inf,0.07729481144777128,0.1417939503725879,inf,inf,0.03953053496991199,0.10006533544785234,0.0,0.03470256536139493,inf,0.10710751468241575,0.04052992102264541,0.1795175101697859,inf,0.12089864158829677,0.07944397692507321,inf,inf,0.044945603088441755,0.03361949186184998,inf,inf,0.41345272458280313,inf,inf,0.08335797136396839,inf,0.07943296440833392,inf,inf,inf,inf,inf,inf,inf,inf,inf,inf,inf,inf,inf,inf,inf,inf,inf,inf,inf,inf,inf,inf,inf,inf,inf,inf,inf,inf,inf,inf,inf,inf,inf,inf,inf,inf,inf,inf,inf,inf,inf,inf,inf,inf,inf,inf,inf,inf,inf,inf,inf,inf,inf,inf,inf,inf,inf
0.04403000679596414,inf,0.07951966966059976,0.08057915020538742,inf,inf,inf,inf,inf,inf,inf,0.13054780013478395,0.03712160538628417,inf,inf,inf,0.05119151880009121,0.11569065772490783,inf,inf,0.02534959625507205,0.07396204280017227,0.03470256536139493,0.0,inf,0.13321080733009583,0.06063829787234054,0.15341421752210582,inf,0.14700193423597685,0.053340684277393136,inf,inf,0.07104889573612183,0.051586829906097864,inf,inf,0.4395560172304832,inf,inf,0.05725467871628831,inf,0.105536257056014,inf,inf,inf,inf,inf,inf,inf,inf,inf,inf,inf,inf,inf,inf,inf,inf,inf,inf,inf,inf,inf,inf,inf,inf,inf,inf,inf,inf,inf,inf,inf,inf,inf,inf,inf,inf,inf,inf,inf,inf,inf,inf,inf,inf,inf,inf,inf,inf,inf,inf,inf,inf,inf,inf,inf,inf,inf
inf,inf,inf,inf,inf,0.11937229437229446,inf,inf,inf,inf,inf,inf,inf,inf,0.0859180035650624,inf,inf,inf,inf,0.045265151515151536,inf,inf,inf,inf,0.0,inf,inf,inf,inf,inf,inf,inf,inf,inf,inf,inf,0.18050448303257283,inf,inf,0.061016082033943486,inf,0.20805422647527916,inf,0.04919716838123833,0.05511439490144188,0.1779915471353274,0.42033235581622685,inf,0.16766130950767733,0.05235792888231916,0.12816174885140408,0.08624708624708632,0.14219977553310892,0.027825104770686337,0.2683594566353187,0.17906841220794711,0.323666734661499,inf,0.13200067905950263,0.06899951899951895,0.03522440001313243,inf,inf,0.03248320307143826,inf,inf,inf,inf,inf,inf,0.12072776949826125,inf,0.18405934343434338,inf,inf,inf,inf,inf,inf,inf,inf,inf,inf,inf,inf,inf,inf,inf,inf,inf,inf,inf,inf,inf,inf,inf,inf,inf,inf,inf
0.17724081412605996,inf,0.21273047699069558,0.0564373897707231,inf,inf,inf,inf,inf,inf,inf,0.0564373897707231,0.14107604838596566,inf,inf,inf,0.18440232613018703,0.24890146505500366,inf,inf,0.14663804965232774,0.2071728501302681,0.10710751468241575,0.13321080733009583,inf,0.0,0.07257250945775529,0.28662502485220165,inf,0.0564373897707231,0.18655149160748896,inf,inf,0.062161911593973995,0.08162397742399796,inf,inf,0.3063452099003874,inf,inf,0.19046548604638414,inf,0.0564373897707231,inf,inf,inf,inf,inf,inf,inf,inf,inf,inf,inf,inf,inf,inf,inf,inf,inf,inf,inf,inf,inf,inf,inf,inf,inf,inf,inf,inf,inf,inf,inf,inf,inf,inf,inf,inf,inf,inf,inf,inf,inf,inf,inf,inf,inf,inf,inf,inf,inf,inf,inf,inf,inf,inf,inf,inf,inf
0.10466830466830468,inf,0.1401579675329403,0.02322005248609016,inf,inf,inf,inf,inf,inf,inf,0.06990950226244341,0.06850353892821037,inf,inf,inf,0.11182981667243175,0.17632895559724837,inf,inf,0.07406554019457245,0.1346003406725128,0.04052992102264541,0.06063829787234054,inf,0.07257250945775529,0.0,0.21405251539444636,inf,0.08636363636363631,0.11397898214973368,inf,inf,0.03603086035471725,0.018644098536704012,inf,inf,0.37891771935814267,inf,inf,0.11789297658862885,inf,0.04489795918367345,inf,inf,inf,inf,inf,inf,inf,inf,inf,inf,inf,inf,inf,inf,inf,inf,inf,inf,inf,inf,inf,inf,inf,inf,inf,inf,inf,inf,inf,inf,inf,inf,inf,inf,inf,inf,inf,inf,inf,inf,inf,inf,inf,inf,inf,inf,inf,inf,inf,inf,inf,inf,inf,inf,inf,inf,inf
0.10938421072614168,inf,0.07389454786150607,0.23399336772749324,inf,inf,inf,inf,inf,inf,inf,0.2839620176568898,0.145548976466236,inf,inf,inf,0.10222269872201462,0.03792950117228555,inf,inf,0.1399869751998739,0.07945217472193356,0.1795175101697859,0.15341421752210582,inf,0.28662502485220165,0.21405251539444636,0.0,inf,0.3004161517580827,0.10007353324471269,inf,inf,0.22446311325822765,0.2050010474282037,inf,inf,0.592970234752589,inf,inf,0.09615953880581751,inf,0.2589504745781198,inf,inf,inf,inf,inf,inf,inf,inf,inf,inf,inf,inf,inf,inf,inf,inf,inf,inf,inf,inf,inf,inf,inf,inf,inf,inf,inf,inf,inf,inf,inf,inf,inf,inf,inf,inf,inf,inf,inf,inf,inf,inf,inf,inf,inf,inf,inf,inf,inf,inf,inf,inf,inf,inf,inf,inf,inf
inf,0.025566035014853883,inf,inf,inf,inf,0.05809436527045697,0.03983240128213872,0.042660786997222866,0.055293768042112446,0.03928961109812179,inf,inf,0.04607843137254902,inf,0.0548780487804878,inf,inf,0.044683257918552044,inf,inf,inf,inf,inf,inf,inf,inf,inf,0.0,inf,inf,inf,0.046434732604945406,inf,inf,0.04687533383185555,inf,inf,0.0452921023096462,inf,inf,inf,inf,inf,inf,inf,inf,inf,inf,inf,inf,inf,inf,inf,inf,inf,inf,inf,inf,inf,inf,inf,inf,inf,inf,inf,inf,inf,inf,inf,inf,inf,inf,inf,inf,inf,inf,inf,inf,inf,inf,inf,inf,inf,inf,inf,inf,inf,inf,inf,inf,inf,inf,inf,inf,inf,inf,inf,inf,inf
0.191031941031941,inf,0.2265216038965766,0.06642278403058943,inf,inf,inf,inf,inf,inf,inf,0.032509157509157505,0.15486717529184668,inf,inf,inf,0.19819345303606806,0.2626925919608847,inf,inf,0.16042917655820876,0.22096397703614912,0.12089864158829677,0.14700193423597685,inf,0.0564373897707231,0.08636363636363631,0.3004161517580827,inf,0.0,0.20034261851336999,inf,inf,0.07595303849985502,0.09541510432987899,inf,inf,0.29255408299450636,inf,inf,0.20425661295226516,inf,0.04687338501291982,inf,inf,inf,inf,inf,inf,inf,inf,inf,inf,inf,inf,inf,inf,inf,inf,inf,inf,inf,inf,inf,inf,inf,inf,inf,inf,inf,inf,inf,inf,inf,inf,inf,inf,inf,inf,inf,inf,inf,inf,inf,inf,inf,inf,inf,inf,inf,inf,inf,inf,inf,inf,inf,inf,inf,inf,inf
0.03132221207407637,inf,0.04642984752624868,0.13391983448278055,inf,inf,inf,inf,inf,inf,inf,0.1838884844121771,0.045475443221523304,inf,inf,inf,0.027619876112281228,0.062349973447514695,inf,inf,0.03991344195516122,0.04006711750648295,0.07944397692507321,0.053340684277393136,inf,0.18655149160748896,0.11397898214973368,0.10007353324471269,inf,0.20034261851336999,0.0,inf,inf,0.12438958001351497,0.104927514183491,inf,inf,0.49289670150787634,inf,inf,0.03138984784554405,inf,0.15887694133340713,inf,inf,inf,inf,inf,inf,inf,inf,inf,inf,inf,inf,inf,inf,inf,inf,inf,inf,inf,inf,inf,inf,inf,inf,inf,inf,inf,inf,inf,inf,inf,inf,inf,inf,inf,inf,inf,inf,inf,inf,inf,inf,inf,inf,inf,inf,inf,inf,inf,inf,inf,inf,inf,inf,inf,inf,inf
inf,inf,inf,inf,0.28009818360333816,inf,inf,inf,inf,inf,inf,inf,inf,inf,inf,inf,inf,inf,inf,inf,inf,inf,inf,inf,inf,inf,inf,inf,inf,inf,inf,0.0,inf,inf,inf,inf,inf,inf,inf,inf,inf,inf,inf,inf,inf,inf,inf,0.40380952380952373,inf,inf,inf,inf,inf,inf,inf,inf,inf,0.4993769998117824,inf,inf,inf,0.03859946036122541,0.3857530454042081,inf,0.1545324850588008,0.4723783980107842,0.2197538318673965,0.3383333333333334,0.31238134933732953,0.41342595867177023,inf,0.4002544412876289,inf,0.30963210918637185,0.5300594644560718,0.3956771896986171,0.41386292973921834,0.42468234468234456,0.4499952242306461,0.3452553710553239,inf,inf,inf,inf,inf,inf,inf,inf,0.40060857538035954,inf,inf,inf,inf,inf,inf,inf,inf,inf,inf,inf
inf,0.05279503105590061,inf,inf,inf,inf,0.05811906948270584,0.041059413399838984,0.05220188025729833,0.055293768042112446,0.046434732604945406,inf,inf,0.03181771763280361,inf,0.032482008381200966,inf,inf,0.032700756838687894,inf,inf,inf,inf,inf,inf,inf,inf,inf,0.046434732604945406,inf,inf,inf,0.0,inf,inf,0.04455237907257181,inf,inf,0.0452921023096462,inf,inf,inf,inf,inf,inf,inf,inf,inf,inf,inf,inf,inf,inf,inf,inf,inf,inf,inf,inf,inf,inf,inf,inf,inf,inf,inf,inf,inf,inf,inf,inf,inf,inf,inf,inf,inf,inf,inf,inf,inf,inf,inf,inf,inf,inf,inf,inf,inf,inf,inf,inf,inf,inf,inf,inf,inf,inf,inf,inf,inf
0.11507890253208597,inf,0.1505685653967216,0.03873426456847995,inf,inf,inf,inf,inf,inf,inf,0.05949890439866212,0.07891413679199166,inf,inf,inf,0.12224041453621304,0.18673955346102966,inf,inf,0.08447613805835374,0.1450109385362941,0.044945603088441755,0.07104889573612183,inf,0.062161911593973995,0.03603086035471725,0.22446311325822765,inf,0.07595303849985502,0.12438958001351497,inf,inf,0.0,0.0333672086720867,inf,inf,0.3685071214943614,inf,inf,0.12830357445241014,inf,0.03672388714582808,inf,inf,inf,inf,inf,inf,inf,inf,inf,inf,inf,inf,inf,inf,inf,inf,inf,inf,inf,inf,inf,inf,inf,inf,inf,inf,inf,inf,inf,inf,inf,inf,inf,inf,inf,inf,inf,inf,inf,inf,inf,inf,inf,inf,inf,inf,inf,inf,inf,inf,inf,inf,inf,inf,inf,inf,inf
0.095616836702062,inf,0.13110649956669762,0.03469964253973612,inf,inf,inf,inf,inf,inf,inf,0.07896097022868609,0.059452070961967696,inf,inf,inf,0.10277834870618907,0.1672774876310057,inf,inf,0.06501407222832978,0.12554887270627013,0.03361949186184998,0.051586829906097864,inf,0.08162397742399796,0.018644098536704012,0.2050010474282037,inf,0.09541510432987899,0.104927514183491,inf,inf,0.0333672086720867,0.0,inf,inf,0.38796918732438535,inf,inf,0.10884150862238617,inf,0.05394942714991613,inf,inf,inf,inf,inf,inf,inf,inf,inf,inf,inf,inf,inf,inf,inf,inf,inf,inf,inf,inf,inf,inf,inf,inf,inf,inf,inf,inf,inf,inf,inf,inf,inf,inf,inf,inf,inf,inf,inf,inf,inf,inf,inf,inf,inf,inf,inf,inf,inf,inf,inf,inf,inf,inf,inf,inf,inf
inf,0.05279503105590061,inf,inf,inf,inf,0.02615693023431742,0.023233377690083934,0.05220188025729833,0.023878905229019698,0.04687533383185555,inf,inf,0.04687533383185555,inf,0.0496430256378908,inf,inf,0.026609465096307128,inf,inf,inf,inf,inf,inf,inf,inf,inf,0.04687533383185555,inf,inf,inf,0.04455237907257181,inf,inf,0.0,inf,inf,0.03798560173865795,inf,inf,inf,inf,inf,inf,inf,inf,inf,inf,inf,inf,inf,inf,inf,inf,inf,inf,inf,inf,inf,inf,inf,inf,inf,inf,inf,inf,inf,inf,inf,inf,inf,inf,inf,inf,inf,inf,inf,inf,inf,inf,inf,inf,inf,inf,inf,inf,inf,inf,inf,inf,inf,inf,inf,inf,inf,inf,inf,inf,inf
inf,inf,inf,inf,inf,0.10357490854202267,inf,inf,inf,inf,inf,inf,inf,inf,0.26642248659763523,inf,inf,inf,inf,0.1484037627146394,inf,inf,inf,inf,0.18050448303257283,inf,inf,inf,inf,inf,inf,inf,inf,inf,inf,inf,0.0,inf,inf,0.1310847722173446,inf,0.388558709507852,inf,0.2284900976741676,0.23440732419437116,0.042838044308632584,0.24103942652329757,inf,0.045884646962233155,0.23165085817524844,0.06493499504929179,0.10324991180815235,0.32270425856568175,0.19841344841344843,0.08785497360274586,0.35957289524051994,0.1443738053685697,inf,0.10750227156882297,0.11150496403305388,0.21572888304570526,inf,inf,0.15698288098353097,inf,inf,inf,inf,inf,inf,0.07551731893837155,inf,0.3645638264669162,inf,inf,inf,inf,inf,inf,inf,inf,inf,inf,inf,inf,inf,inf,inf,inf,inf,inf,inf,inf,inf,inf,inf,inf,inf,inf,inf
0.48358602402644735,inf,0.519075686891083,0.3589768670250958,inf,inf,inf,inf,inf,inf,inf,0.30900821709569926,0.44742125828635304,inf,inf,inf,0.4907475360305744,0.555246674955391,inf,inf,0.4529832595527151,0.5135180600306555,0.41345272458280313,0.4395560172304832,inf,0.3063452099003874,0.37891771935814267,0.592970234752589,inf,0.29255408299450636,0.49289670150787634,inf,inf,0.3685071214943614,0.38796918732438535,inf,inf,0.0,inf,inf,0.4968106959467715,inf,0.3340197601744692,inf,inf,inf,inf,inf,inf,inf,inf,inf,inf,inf,inf,inf,inf,inf,inf,inf,inf,inf,inf,inf,inf,inf,inf,inf,inf,inf,inf,inf,inf,inf,inf,inf,inf,inf,inf,inf,inf,inf,inf,inf,inf,inf,inf,inf,inf,inf,inf,inf,inf,inf,inf,inf,inf,inf,inf,inf
inf,0.05279503105590061,inf,inf,inf,inf,0.026747608535687917,0.03798560173865795,0.05220188025729833,0.01898839137645103,0.0452921023096462,inf,inf,0.0452921023096462,inf,0.04737628384687198,inf,inf,0.03798560173865795,inf,inf,inf,inf,inf,inf,inf,inf,inf,0.0452921023096462,inf,inf,inf,0.0452921023096462,inf,inf,0.03798560173865795,inf,inf,0.0,inf,inf,inf,inf,inf,inf,inf,inf,inf,inf,inf,inf,inf,inf,inf,inf,inf,inf,inf,inf,inf,inf,inf,inf,inf,inf,inf,inf,inf,inf,inf,inf,inf,inf,inf,inf,inf,inf,inf,inf,inf,inf,inf,inf,inf,inf,inf,inf,inf,inf,inf,inf,inf,inf,inf,inf,inf,inf,inf,inf,inf
inf,inf,inf,inf,inf,0.07116413729670978,inf,inf,inf,inf,inf,inf,inf,inf,0.1469340855990059,inf,inf,inf,inf,0.03851480588269163,inf,inf,inf,inf,0.061016082033943486,inf,inf,inf,inf,inf,inf,inf,inf,inf,inf,inf,0.1310847722173446,inf,inf,0.0,inf,0.26907030850922264,inf,0.09740532545682301,0.10332255197702656,0.1297833900597427,0.3721241987406422,inf,0.11614961159252879,0.10752360395098182,0.0799535917758194,0.038038929171501645,0.2032158575670524,0.07109564211350361,0.21486055426898876,0.2400844942418906,0.2754585775859143,inf,0.08379252198391796,0.03851480588269157,0.09624048204707591,inf,inf,0.03851480588269157,inf,inf,inf,inf,inf,inf,0.059711687464317764,inf,0.24507542546828687,inf,inf,inf,inf,inf,inf,inf,inf,inf,inf,inf,inf,inf,inf,inf,inf,inf,inf,inf,inf,inf,inf,inf,inf,inf,inf,inf
0.03572747775646312,inf,0.033476108375524616,0.13783382892167573,inf,inf,inf,inf,inf,inf,inf,0.18780247885107226,0.04938943766041848,inf,inf,inf,0.042701869217845356,0.05843597900861952,inf,inf,0.043827436394056396,0.034780125126718464,0.08335797136396839,0.05725467871628831,inf,0.19046548604638414,0.11789297658862885,0.09615953880581751,inf,0.20425661295226516,0.03138984784554405,inf,inf,0.12830357445241014,0.10884150862238617,inf,inf,0.4968106959467715,inf,inf,0.0,inf,0.1627909357723023,inf,inf,inf,inf,inf,inf,inf,inf,inf,inf,inf,inf,inf,inf,inf,inf,inf,inf,inf,inf,inf,inf,inf,inf,inf,inf,inf,inf,inf,inf,inf,inf,inf,inf,inf,inf,inf,inf,inf,inf,inf,inf,inf,inf,inf,inf,inf,inf,inf,inf,inf,inf,inf,inf,inf,inf,inf
inf,inf,inf,inf,inf,0.2862912879212959,inf,inf,inf,inf,inf,inf,inf,inf,0.12213622291021675,inf,inf,inf,inf,0.2401549467932126,inf,inf,inf,inf,0.20805422647527916,inf,inf,inf,inf,inf,inf,inf,inf,inf,inf,inf,0.388558709507852,inf,inf,0.26907030850922264,inf,0.0,inf,0.17976373762140996,0.17976677413435782,0.3644755828966355,0.6037589582387781,inf,0.3757155359829565,0.16154670455824083,0.3236237144585602,0.28530879769969963,0.08600784120927762,0.19797466639571903,0.47641368311059784,0.035478771454381164,0.5019414113172378,inf,0.29891967260850405,0.2770537454747981,0.17282982646214673,inf,inf,0.24053742954671742,inf,inf,inf,inf,inf,inf,0.3287819959735404,inf,0.023994883040935777,inf,inf,inf,inf,inf,inf,inf,inf,inf,inf,inf,inf,inf,inf,inf,inf,inf,inf,inf,inf,inf,inf,inf,inf,inf,inf,inf
0.14956626385197813,inf,0.18505592671661375,0.02498705704812576,inf,inf,inf,inf,inf,inf,inf,0.04650019389507509,0.11340149811188383,inf,inf,inf,0.1567277758561052,0.22122691478092182,inf,inf,0.11896349937824591,0.17949829985618626,0.07943296440833392,0.105536257056014,inf,0.0564373897707231,0.04489795918367345,0.2589504745781198,inf,0.04687338501291982,0.15887694133340713,inf,inf,0.03672388714582808,0.05394942714991613,inf,inf,0.3340197601744692,inf,inf,0.1627909357723023,inf,0.0,inf,inf,inf,inf,inf,inf,inf,inf,inf,inf,inf,inf,inf,inf,inf,inf,inf,inf,inf,inf,inf,inf,inf,inf,inf,inf,inf,inf,inf,inf,inf,inf,inf,inf,inf,inf,inf,inf,inf,inf,inf,inf,inf,inf,inf,inf,inf,inf,inf,inf,inf,inf,inf,inf,inf,inf,inf
inf,inf,inf,inf,inf,0.1685694627535328,inf,inf,inf,inf,inf,inf,inf,inf,0.057627514711193206,inf,inf,inf,inf,0.09446231989638987,inf,inf,inf,inf,0.04919716838123833,inf,inf,inf,inf,inf,inf,inf,inf,inf,inf,inf,0.2284900976741676,inf,inf,0.09740532545682301,inf,0.17976373762140996,inf,0.0,0.018326494399467708,0.22718871551656572,0.4695295241974652,inf,0.2135549370493518,0.020737446149540872,0.1773589172326424,0.13544425462832466,0.11390928667923972,0.03007664926071918,0.31226587972581177,0.15077792335407791,0.3728639030427373,inf,0.18119784744074097,0.11810946117412813,0.05180342737047605,inf,inf,0.07150721669063664,inf,inf,inf,inf,inf,inf,0.15297277873579607,inf,0.15576885458047418,inf,inf,inf,inf,inf,inf,inf,inf,inf,inf,inf,inf,inf,inf,inf,inf,inf,inf,inf,inf,inf,inf,inf,inf,inf,inf,inf
inf,inf,inf,inf,inf,0.17448668927373634,inf,inf,inf,inf,inf,inf,inf,inf,0.05763055122414107,inf,inf,inf,inf,0.10037954641659341,inf,inf,inf,inf,0.05511439490144188,inf,inf,inf,inf,inf,inf,inf,inf,inf,inf,inf,0.23440732419437116,inf,inf,0.10332255197702656,inf,0.17976677413435782,inf,0.018326494399467708,0.0,0.23310594203676926,0.47544675071766873,inf,0.21947216356955535,0.02210832950025099,0.18327614375284595,0.1413614811485282,0.11391232319218758,0.035993875780922724,0.3181831062460153,0.15078095986702578,0.37878112956294085,inf,0.1871150739609445,0.12402668769433167,0.057720653890679596,inf,inf,0.07742444321084019,inf,inf,inf,inf,inf,inf,0.1588900052559996,inf,0.15577189109342204,inf,inf,inf,inf,inf,inf,inf,inf,inf,inf,inf,inf,inf,inf,inf,inf,inf,inf,inf,inf,inf,inf,inf,inf,inf,inf,inf
inf,inf,inf,inf,inf,0.0794917819308062,inf,inf,inf,inf,inf,inf,inf,inf,0.25196659169860725,inf,inf,inf,inf,0.13272639562017585,inf,inf,inf,inf,0.1779915471353274,inf,inf,inf,inf,inf,inf,inf,inf,inf,inf,inf,0.042838044308632584,inf,inf,0.1297833900597427,inf,0.3644755828966355,inf,0.22718871551656572,0.23310594203676926,0.0,0.24234080868089947,inf,0.04204980842911876,0.23034947601764655,0.04982979828392331,0.09174446088824106,0.29862113195446527,0.19711206625584654,0.11193810021396233,0.3523087054863988,0.1456751875261716,inf,0.0834191449576065,0.10907925434243759,0.19164575643448878,inf,inf,0.15568149882592908,inf,inf,inf,inf,inf,inf,0.07421593678076965,inf,0.3503805750289424,inf,inf,inf,inf,inf,inf,inf,inf,inf,inf,inf,inf,inf,inf,inf,inf,inf,inf,inf,inf,inf,inf,inf,inf,inf,inf,inf
inf,inf,inf,inf,inf,0.3187751572729488,inf,inf,inf,inf,inf,inf,inf,inf,0.4943074003795067,inf,inf,inf,inf,0.3750672043010753,inf,inf,inf,inf,0.42033235581622685,inf,inf,inf,inf,inf,inf,inf,inf,inf,inf,inf,0.24103942652329757,inf,inf,0.3721241987406422,inf,0.6037589582387781,inf,0.4695295241974652,0.47544675071766873,0.24234080868089947,0.0,inf,0.2559745871481134,0.472690284698546,0.2921706069648228,0.33408526956914053,0.5379045072966079,0.439452874936746,0.15726364447165342,0.5946495141672983,0.10181754692154033,inf,0.3227025202997491,0.35142006302333706,0.4309291317766314,inf,inf,0.39802230750682854,inf,inf,inf,inf,inf,inf,0.3165567454616691,inf,0.5927213837098418,inf,inf,inf,inf,inf,inf,inf,inf,inf,inf,inf,inf,inf,inf,inf,inf,inf,inf,inf,inf,inf,inf,inf,inf,inf,inf,inf
inf,inf,inf,inf,0.1316779914336056,inf,inf,inf,inf,inf,inf,inf,inf,inf,inf,inf,inf,inf,inf,inf,inf,inf,inf,inf,inf,inf,inf,inf,inf,inf,inf,0.40380952380952373,inf,inf,inf,inf,inf,inf,inf,inf,inf,inf,inf,inf,inf,inf,inf,0.0,inf,inf,inf,inf,inf,inf,inf,inf,inf,0.10232114664821812,inf,inf,inf,0.3993034566614556,0.026234567901234573,inf,0.24927703875072293,0.09181017007020464,0.18405569194212723,0.08026315789473681,0.09564659279894538,0.0357166780542047,inf,0.033935689609354225,inf,0.10139927749872613,0.14949123651549223,0.03053683981743094,0.04100367197062421,0.030750388269687567,0.06942699629006654,0.07043963134762654,inf,inf,inf,inf,inf,inf,inf,inf,0.04100367197062421,inf,inf,inf,inf,inf,inf,inf,inf,inf,inf,inf
inf,inf,inf,inf,inf,0.09073173501712717,inf,inf,inf,inf,inf,inf,inf,inf,0.25357931307273973,inf,inf,inf,inf,0.1355605891897439,inf,inf,inf,inf,0.16766130950767733,inf,inf,inf,inf,inf,inf,inf,inf,inf,inf,inf,0.045884646962233155,inf,inf,0.11614961159252879,inf,0.3757155359829565,inf,0.2135549370493518,0.21947216356955535,0.04204980842911876,0.2559745871481134,inf,0.0,0.21671569755043263,0.05209182152439629,0.09040673828325685,0.30986108504078624,0.18347828778863262,0.10069814712764136,0.34672972171562444,0.1593089659933855,inf,0.09465909804392747,0.09866179050815838,0.20288570952080975,inf,inf,0.14204772035871516,inf,inf,inf,inf,inf,inf,0.060582158313555734,inf,0.3517206529420207,inf,inf,inf,inf,inf,inf,inf,inf,inf,inf,inf,inf,inf,inf,inf,inf,inf,inf,inf,inf,inf,inf,inf,inf,inf,inf,inf
inf,inf,inf,inf,inf,0.17173022325461362,inf,inf,inf,inf,inf,inf,inf,inf,0.039410481648024076,inf,inf,inf,inf,0.0976230803974707,inf,inf,inf,inf,0.05235792888231916,inf,inf,inf,inf,inf,inf,inf,inf,inf,inf,inf,0.23165085817524844,inf,inf,0.10752360395098182,inf,0.16154670455824083,inf,0.020737446149540872,0.02210832950025099,0.23034947601764655,0.472690284698546,inf,0.21671569755043263,0.0,0.18051967773372324,0.13860501512940548,0.09569225361607059,0.03642796183747821,0.3154266402268926,0.13256089029090878,0.37602466354381814,inf,0.1843586079418218,0.12127022167520896,0.05496418787155688,inf,inf,0.07899072498847659,inf,inf,inf,inf,inf,inf,0.16723529141529958,inf,0.13755182151730505,inf,inf,inf,inf,inf,inf,inf,inf,inf,inf,inf,inf,inf,inf,inf,inf,inf,inf,inf,inf,inf,inf,inf,inf,inf,inf,inf
inf,inf,inf,inf,inf,0.04077430570141638,inf,inf,inf,inf,inf,inf,inf,inf,0.20213679341468394,inf,inf,inf,inf,0.08346876766534761,inf,inf,inf,inf,0.12816174885140408,inf,inf,inf,inf,inf,inf,inf,inf,inf,inf,inf,0.06493499504929179,inf,inf,0.0799535917758194,inf,0.3236237144585602,inf,0.1773589172326424,0.18327614375284595,0.04982979828392331,0.2921706069648228,inf,0.05209182152439629,0.18051967773372324,0.0,0.041914662604317754,0.25776926351638996,0.14728226797192323,0.15278996865203764,0.3024789072024755,0.1955049858100949,inf,0.04256727651953118,0.05924945605851428,0.15079388799641347,inf,inf,0.10585170054200577,inf,inf,inf,inf,inf,inf,0.03663043478260869,inf,0.30055077674501907,inf,inf,inf,inf,inf,inf,inf,inf,inf,inf,inf,inf,inf,inf,inf,inf,inf,inf,inf,inf,inf,inf,inf,inf,inf,inf,inf
inf,inf,inf,inf,inf,0.03394744092418511,inf,inf,inf,inf,inf,inf,inf,inf,0.16317257478948288,inf,inf,inf,inf,0.04515385090648705,inf,inf,inf,inf,0.08624708624708632,inf,inf,inf,inf,inf,inf,inf,inf,inf,inf,inf,0.10324991180815235,inf,inf,0.038038929171501645,inf,0.28530879769969963,inf,0.13544425462832466,0.1413614811485282,0.09174446088824106,0.33408526956914053,inf,0.09040673828325685,0.13860501512940548,0.041914662604317754,0.0,0.2194543467575294,0.10536760536760548,0.1911048854108982,0.26056424459815775,0.23741964841441265,inf,0.04575359281241631,0.028539906512208613,0.1124789712375529,inf,inf,0.06393703793768801,inf,inf,inf,inf,inf,inf,0.043473198273840774,inf,0.26131391465876386,inf,inf,inf,inf,inf,inf,inf,inf,inf,inf,inf,inf,inf,inf,inf,inf,inf,inf,inf,inf,inf,inf,inf,inf,inf,inf,inf
inf,inf,inf,inf,inf,0.21912935002365908,inf,inf,inf,inf,inf,inf,inf,inf,0.05702542326746163,inf,inf,inf,inf,0.17430049585104235,inf,inf,inf,inf,0.14219977553310892,inf,inf,inf,inf,inf,inf,inf,inf,inf,inf,inf,0.32270425856568175,inf,inf,0.2032158575670524,inf,0.08600784120927762,inf,0.11390928667923972,0.11391232319218758,0.29862113195446527,0.5379045072966079,inf,0.30986108504078624,0.09569225361607059,0.25776926351638996,0.2194543467575294,0.0,0.1321202154535488,0.4105592321684276,0.09340600601134763,0.43608696037506756,inf,0.21520198699685877,0.21119929453262787,0.10697537551997649,inf,inf,0.17468297860454718,inf,inf,inf,inf,inf,inf,0.26292754503137017,inf,0.0914778755538912,inf,inf,inf,inf,inf,inf,inf,inf,inf,inf,inf,inf,inf,inf,inf,inf,inf,inf,inf,inf,inf,inf,inf,inf,inf,inf,inf
inf,inf,inf,inf,inf,0.13849281349281362,inf,inf,inf,inf,inf,inf,inf,inf,0.07583844348550228,inf,inf,inf,inf,0.06438567063567069,inf,inf,inf,inf,0.027825104770686337,inf,inf,inf,inf,inf,inf,inf,inf,inf,inf,inf,0.19841344841344843,inf,inf,0.07109564211350361,inf,0.19797466639571903,inf,0.03007664926071918,0.035993875780922724,0.19711206625584654,0.439452874936746,inf,0.18347828778863262,0.03642796183747821,0.14728226797192323,0.10536760536760548,0.1321202154535488,0.0,0.2821892304650926,0.168988852128387,0.34278725378201813,inf,0.1511211981800218,0.08803281191340895,0.025144839933572305,inf,inf,0.042562763150998384,inf,inf,inf,inf,inf,inf,0.13080732957782137,inf,0.17397978335478326,inf,inf,inf,inf,inf,inf,inf,inf,inf,inf,inf,inf,inf,inf,inf,inf,inf,inf,inf,inf,inf,inf,inf,inf,inf,inf,inf
inf,inf,inf,inf,inf,0.19142988214476853,inf,inf,inf,inf,inf,inf,inf,inf,0.3542774602003811,inf,inf,inf,inf,0.23625873631738525,inf,inf,inf,inf,0.2683594566353187,inf,inf,inf,inf,inf,inf,inf,inf,inf,inf,inf,0.08785497360274586,inf,inf,0.21486055426898876,inf,0.47641368311059784,inf,0.31226587972581177,0.3181831062460153,0.11193810021396233,0.15726364447165342,inf,0.10069814712764136,0.3154266402268926,0.15278996865203764,0.1911048854108982,0.4105592321684276,0.2821892304650926,0.0,0.4474278688432658,0.06059802331692554,inf,0.19535724517156883,0.19935993763579973,0.3035838566484511,inf,inf,0.24075866303517512,inf,inf,inf,inf,inf,inf,0.1592931009900157,inf,0.45241880006966206,inf,inf,inf,inf,inf,inf,inf,inf,inf,inf,inf,inf,inf,inf,inf,inf,inf,inf,inf,inf,inf,inf,inf,inf,inf,inf,inf
inf,inf,inf,inf,inf,0.2936894527233659,inf,inf,inf,inf,inf,inf,inf,inf,0.10034211378779156,inf,inf,inf,inf,0.21958230986622296,inf,inf,inf,inf,0.17906841220794711,inf,inf,inf,inf,inf,inf,inf,inf,inf,inf,inf,0.35957289524051994,inf,inf,0.2400844942418906,inf,0.035478771454381164,inf,0.15077792335407791,0.15078095986702578,0.3523087054863988,0.5946495141672983,inf,0.34672972171562444,0.13256089029090878,0.3024789072024755,0.26056424459815775,0.09340600601134763,0.168988852128387,0.4474278688432658,0.0,0.4979838930125704,inf,0.30631783741057406,0.24806793120746606,0.17692341734030914,inf,inf,0.21155161527938537,inf,inf,inf,inf,inf,inf,0.29979618170620836,inf,0.030860211712914865,inf,inf,inf,inf,inf,inf,inf,inf,inf,inf,inf,inf,inf,inf,inf,inf,inf,inf,inf,inf,inf,inf,inf,inf,inf,inf,inf
inf,inf,inf,inf,inf,0.21695761035140848,inf,inf,inf,inf,inf,inf,inf,inf,0.39764177922477884,inf,inf,inf,inf,0.27840158314634744,inf,inf,inf,inf,0.323666734661499,inf,inf,inf,inf,inf,inf,inf,inf,inf,inf,inf,0.1443738053685697,inf,inf,0.2754585775859143,inf,0.5019414113172378,inf,0.3728639030427373,0.37878112956294085,0.1456751875261716,0.10181754692154033,inf,0.1593089659933855,0.37602466354381814,0.1955049858100949,0.23741964841441265,0.43608696037506756,0.34278725378201813,0.06059802331692554,0.4979838930125704,0.0,inf,0.22088497337820878,0.2547544418686092,0.32911158485509107,inf,inf,0.30135668635210067,inf,inf,inf,inf,inf,inf,0.21989112430694124,inf,0.49605576255511397,inf,inf,inf,inf,inf,inf,inf,inf,inf,inf,inf,inf,inf,inf,inf,inf,inf,inf,inf,inf,inf,inf,inf,inf,inf,inf,inf
inf,inf,inf,inf,0.2245798105777248,inf,inf,inf,inf,inf,inf,inf,inf,inf,inf,inf,inf,inf,inf,inf,inf,inf,inf,inf,inf,inf,inf,inf,inf,inf,inf,0.4993769998117824,inf,inf,inf,inf,inf,inf,inf,inf,inf,inf,inf,inf,inf,inf,inf,0.10232114664821812,inf,inf,inf,inf,inf,inf,inf,inf,inf,0.0,inf,inf,inf,0.5016246033096737,0.12228116524104993,inf,0.3448445147529816,0.05059930258324952,0.2796231679443859,0.18258430454295493,0.19121406880120406,0.09722496128099556,inf,0.11928962663086395,inf,0.20372042414694425,0.06404012793211555,0.12728818658132024,0.0999164112904205,0.09338340680570767,0.060402435844058466,0.17276077799584466,inf,inf,inf,inf,inf,inf,inf,inf,0.09876842443142286,inf,inf,inf,inf,inf,inf,inf,inf,inf,inf,inf
inf,inf,inf,inf,inf,0.030633540957899608,inf,inf,inf,inf,inf,inf,inf,inf,0.2059757236227825,inf,inf,inf,inf,0.0867355275443511,inf,inf,inf,inf,0.13200067905950263,inf,inf,inf,inf,inf,inf,inf,inf,inf,inf,inf,0.10750227156882297,inf,inf,0.08379252198391796,inf,0.29891967260850405,inf,0.18119784744074097,0.1871150739609445,0.0834191449576065,0.3227025202997491,inf,0.09465909804392747,0.1843586079418218,0.04256727651953118,0.04575359281241631,0.21520198699685877,0.1511211981800218,0.19535724517156883,0.30631783741057406,0.22088497337820878,inf,0.0,0.06308838626661284,0.12939442007026491,inf,inf,0.10969063075010432,inf,inf,inf,inf,inf,inf,0.047725558034511395,inf,0.3043897069531176,inf,inf,inf,inf,inf,inf,inf,inf,inf,inf,inf,inf,inf,inf,inf,inf,inf,inf,inf,inf,inf,inf,inf,inf,inf,inf,inf
inf,inf,inf,inf,inf,0.05046000157940467,inf,inf,inf,inf,inf,inf,inf,inf,0.15491752256458136,inf,inf,inf,inf,0.03689879868158552,inf,inf,inf,inf,0.06899951899951895,inf,inf,inf,inf,inf,inf,inf,inf,inf,inf,inf,0.11150496403305388,inf,inf,0.03851480588269157,inf,0.2770537454747981,inf,0.11810946117412813,0.12402668769433167,0.10907925434243759,0.35142006302333706,inf,0.09866179050815838,0.12127022167520896,0.05924945605851428,0.028539906512208613,0.21119929453262787,0.08803281191340895,0.19935993763579973,0.24806793120746606,0.2547544418686092,inf,0.06308838626661284,0.0,0.10422391901265138,inf,inf,0.046602244483491484,inf,inf,inf,inf,inf,inf,0.0517282504987423,inf,0.25305886243386233,inf,inf,inf,inf,inf,inf,inf,inf,inf,inf,inf,inf,inf,inf,inf,inf,inf,inf,inf,inf,inf,inf,inf,inf,inf,inf,inf
inf,inf,inf,inf,inf,0.11676603538305674,inf,inf,inf,inf,inf,inf,inf,inf,0.07658130355251758,inf,inf,inf,inf,0.06732512033106586,inf,inf,inf,inf,0.03522440001313243,inf,inf,inf,inf,inf,inf,inf,inf,inf,inf,inf,0.21572888304570526,inf,inf,0.09624048204707591,inf,0.17282982646214673,inf,0.05180342737047605,0.057720653890679596,0.19164575643448878,0.4309291317766314,inf,0.20288570952080975,0.05496418787155688,0.15079388799641347,0.1124789712375529,0.10697537551997649,0.025144839933572305,0.3035838566484511,0.17692341734030914,0.32911158485509107,inf,0.12939442007026491,0.10422391901265138,0.0,inf,inf,0.06770760308457069,inf,inf,inf,inf,inf,inf,0.15595216951139368,inf,0.1749952868828527,inf,inf,inf,inf,inf,inf,inf,inf,inf,inf,inf,inf,inf,inf,inf,inf,inf,inf,inf,inf,inf,inf,inf,inf,inf,inf,inf
inf,inf,inf,inf,0.27704479273194893,inf,inf,inf,inf,inf,inf,inf,inf,inf,inf,inf,inf,inf,inf,inf,inf,inf,inf,inf,inf,inf,inf,inf,inf,inf,inf,0.03859946036122541,inf,inf,inf,inf,inf,inf,inf,inf,inf,inf,inf,inf,inf,inf,inf,0.3993034566614556,inf,inf,inf,inf,inf,inf,inf,inf,inf,0.5016246033096737,inf,inf,inf,0.0,0.3793434380686238,inf,0.16958760075663326,0.4510253007264242,0.2257192036984278,0.3194837340876946,0.32640849431986896,0.4345591170353691,inf,0.3823349766788098,inf,0.2979041791627295,0.5063552417072434,0.3743364167283535,0.43027102710271015,0.414720313438789,0.44122216746561527,0.3288638253138291,inf,inf,inf,inf,inf,inf,inf,inf,0.40847856835372964,inf,inf,inf,inf,inf,inf,inf,inf,inf,inf,inf
inf,inf,inf,inf,0.1281881678061989,inf,inf,inf,inf,inf,inf,inf,inf,inf,inf,inf,inf,inf,inf,inf,inf,inf,inf,inf,inf,inf,inf,inf,inf,inf,inf,0.3857530454042081,inf,inf,inf,inf,inf,inf,inf,inf,inf,inf,inf,inf,inf,inf,inf,0.026234567901234573,inf,inf,inf,inf,inf,inf,inf,inf,inf,0.12228116524104993,inf,inf,inf,0.3793434380686238,0.0,inf,0.23122056034540728,0.09529999369761133,0.17903168450781137,0.06030313930190501,0.07759011439362973,0.055215678966745285,inf,0.03010272766550459,inf,0.08143925890589432,0.15298106014289892,0.024678208932655377,0.05092758903408634,0.03892929927813649,0.07291681991747323,0.050479612754794734,inf,inf,inf,inf,inf,inf,inf,inf,0.039269783787741375,inf,inf,inf,inf,inf,inf,inf,inf,inf,inf,inf
inf,inf,inf,inf,inf,0.09706224606289615,inf,inf,inf,inf,inf,inf,inf,inf,0.11840120663650067,inf,inf,inf,inf,0.04340701219512194,inf,inf,inf,inf,0.03248320307143826,inf,inf,inf,inf,inf,inf,inf,inf,inf,inf,inf,0.15698288098353097,inf,inf,0.03851480588269157,inf,0.24053742954671742,inf,0.07150721669063664,0.07742444321084019,0.15568149882592908,0.39802230750682854,inf,0.14204772035871516,0.07899072498847659,0.10585170054200577,0.06393703793768801,0.17468297860454718,0.042562763150998384,0.24075866303517512,0.21155161527938537,0.30135668635210067,inf,0.10969063075010432,0.046602244483491484,0.06770760308457069,inf,inf,0.0,inf,inf,inf,inf,inf,inf,0.08824456642682299,inf,0.21654254650578164,inf,inf,inf,inf,inf,inf,inf,inf,inf,inf,inf,inf,inf,inf,inf,inf,inf,inf,inf,inf,inf,inf,inf,inf,inf,inf,inf
inf,inf,inf,inf,0.12556569854453736,inf,inf,inf,inf,inf,inf,inf,inf,inf,inf,inf,inf,inf,inf,inf,inf,inf,inf,inf,inf,inf,inf,inf,inf,inf,inf,0.1545324850588008,inf,inf,inf,inf,inf,inf,inf,inf,inf,inf,inf,inf,inf,inf,inf,0.24927703875072293,inf,inf,inf,inf,inf,inf,inf,inf,inf,0.3448445147529816,inf,inf,inf,0.16958760075663326,0.23122056034540728,inf,0.0,0.3185443283004258,0.0652213468085957,0.18380084827453258,0.15854727962697113,0.26497151627873583,inf,0.2457219562288281,inf,0.15579803947601345,0.37622539474571337,0.2418431199882587,0.2606834263460769,0.27014985962354376,0.2961611545202877,0.1914213013449655,inf,inf,inf,inf,inf,inf,inf,inf,0.24607609032155875,inf,inf,inf,inf,inf,inf,inf,inf,inf,inf,inf
inf,inf,inf,inf,0.22348816150381023,inf,inf,inf,inf,inf,inf,inf,inf,inf,inf,inf,inf,inf,inf,inf,inf,inf,inf,inf,inf,inf,inf,inf,inf,inf,inf,0.4723783980107842,inf,inf,inf,inf,inf,inf,inf,inf,inf,inf,inf,inf,inf,inf,inf,0.09181017007020464,inf,inf,inf,inf,inf,inf,inf,inf,inf,0.05059930258324952,inf,inf,inf,0.4510253007264242,0.09529999369761133,inf,0.3185443283004258,0.0,0.2743316782054227,0.14462406251969484,0.15999704867345466,0.05895243933901395,inf,0.09117109485279806,inf,0.16274628882441233,0.05768106644528759,0.0772670093873975,0.05851546827156584,0.09974246829253564,0.0223831737801381,0.1271230269554603,inf,inf,inf,inf,inf,inf,inf,inf,0.10481176456786212,inf,inf,inf,inf,inf,inf,inf,inf,inf,inf,inf
inf,inf,inf,inf,0.06034435173594166,inf,inf,inf,inf,inf,inf,inf,inf,inf,inf,inf,inf,inf,inf,inf,inf,inf,inf,inf,inf,inf,inf,inf,inf,inf,inf,0.2197538318673965,inf,inf,inf,inf,inf,inf,inf,inf,inf,inf,inf,inf,inf,inf,inf,0.18405569194212723,inf,inf,inf,inf,inf,inf,inf,inf,inf,0.2796231679443859,inf,inf,inf,0.2257192036984278,0.17903168450781137,inf,0.0652213468085957,0.2743316782054227,0.0,0.12970761568572786,0.11433462953196805,0.21537923886640875,inf,0.18316058335262464,inf,0.11158538938101037,0.3320127446507103,0.1976304698932556,0.21581620993385686,0.20492851281494806,0.2519485044252846,0.1472086512499624,inf,inf,inf,inf,inf,inf,inf,inf,0.18275936465530185,inf,inf,inf,inf,inf,inf,inf,inf,inf,inf,inf
inf,inf,inf,inf,0.0788640989841154,inf,inf,inf,inf,inf,inf,inf,inf,inf,inf,inf,inf,inf,inf,inf,inf,inf,inf,inf,inf,inf,inf,inf,inf,inf,inf,0.3383333333333334,inf,inf,inf,inf,inf,inf,inf,inf,inf,inf,inf,inf,inf,inf,inf,0.08026315789473681,inf,inf,inf,inf,inf,inf,inf,inf,inf,0.18258430454295493,inf,inf,inf,0.3194837340876946,0.06030313930190501,inf,0.18380084827453258,0.14462406251969484,0.12970761568572786,0.0,0.03017040232275503,0.11551881826865029,inf,0.06329467791209098,inf,0.03312294745484412,0.20230512896498243,0.06792285420752775,0.11123072833599135,0.09568001467207021,0.12224088873955674,0.024681210753917826,inf,inf,inf,inf,inf,inf,inf,inf,0.08943826958701084,inf,inf,inf,inf,inf,inf,inf,inf,inf,inf,inf
inf,inf,inf,inf,0.06349111283035558,inf,inf,inf,inf,inf,inf,inf,inf,inf,inf,inf,inf,inf,inf,inf,inf,inf,inf,inf,inf,inf,inf,inf,inf,inf,inf,0.31238134933732953,inf,inf,inf,inf,inf,inf,inf,inf,inf,inf,inf,inf,inf,inf,inf,0.09564659279894538,inf,inf,inf,inf,inf,inf,inf,inf,inf,0.19121406880120406,inf,inf,inf,0.32640849431986896,0.07759011439362973,inf,0.15854727962697113,0.15999704867345466,0.11433462953196805,0.03017040232275503,0.0,0.10815062271550013,inf,0.09209151027705054,inf,0.02850431515713947,0.21767811511874224,0.08329584036128757,0.10386253278284119,0.11651941367176621,0.14151389494368394,0.03701900801726621,inf,inf,inf,inf,inf,inf,inf,inf,0.0924456443697812,inf,inf,inf,inf,inf,inf,inf,inf,inf,inf,inf
inf,inf,inf,inf,0.16453572216479628,inf,inf,inf,inf,inf,inf,inf,inf,inf,inf,inf,inf,inf,inf,inf,inf,inf,inf,inf,inf,inf,inf,inf,inf,inf,inf,0.41342595867177023,inf,inf,inf,inf,inf,inf,inf,inf,inf,inf,inf,inf,inf,inf,inf,0.0357166780542047,inf,inf,inf,inf,inf,inf,inf,inf,inf,0.09722496128099556,inf,inf,inf,0.4345591170353691,0.055215678966745285,inf,0.26497151627873583,0.05895243933901395,0.21537923886640875,0.11551881826865029,0.10815062271550013,0.0,inf,0.05222414035655931,inf,0.1366549378726396,0.11663350578430154,0.0602227003070156,0.02083333333333337,0.040790028953521684,0.047524787423475434,0.10569529172154002,inf,inf,inf,inf,inf,inf,inf,inf,0.04585932522884817,inf,inf,inf,inf,inf,inf,inf,inf,inf,inf,inf
inf,inf,inf,inf,inf,0.043798195007711094,inf,inf,inf,inf,inf,inf,inf,inf,0.20664577306332366,inf,inf,inf,inf,0.08862704918032782,inf,inf,inf,inf,0.12072776949826125,inf,inf,inf,inf,inf,inf,inf,inf,inf,inf,inf,0.07551731893837155,inf,inf,0.059711687464317764,inf,0.3287819959735404,inf,0.15297277873579607,0.1588900052559996,0.07421593678076965,0.3165567454616691,inf,0.060582158313555734,0.16723529141529958,0.03663043478260869,0.043473198273840774,0.26292754503137017,0.13080732957782137,0.1592931009900157,0.29979618170620836,0.21989112430694124,inf,0.047725558034511395,0.0517282504987423,0.15595216951139368,inf,inf,0.08824456642682299,inf,inf,inf,inf,inf,inf,0.0,inf,0.30478711293260463,inf,inf,inf,inf,inf,inf,inf,inf,inf,inf,inf,inf,inf,inf,inf,inf,inf,inf,inf,inf,inf,inf,inf,inf,inf,inf,inf
inf,inf,inf,inf,0.13231706665101217,inf,inf,inf,inf,inf,inf,inf,inf,inf,inf,inf,inf,inf,inf,inf,inf,inf,inf,inf,inf,inf,inf,inf,inf,inf,inf,0.4002544412876289,inf,inf,inf,inf,inf,inf,inf,inf,inf,inf,inf,inf,inf,inf,inf,0.033935689609354225,inf,inf,inf,inf,inf,inf,inf,inf,inf,0.11928962663086395,inf,inf,inf,0.3823349766788098,0.03010272766550459,inf,0.2457219562288281,0.09117109485279806,0.18316058335262464,0.06329467791209098,0.09209151027705054,0.05222414035655931,inf,0.0,inf,0.09504405540913963,0.14885216129808565,0.027182795698924733,0.04793605042390037,0.03238533675997923,0.06878792107265996,0.06236729443789912,inf,inf,inf,inf,inf,inf,inf,inf,0.03123878061472385,inf,inf,inf,inf,inf,inf,inf,inf,inf,inf,inf
inf,inf,inf,inf,inf,0.29176132226590945,inf,inf,inf,inf,inf,inf,inf,inf,0.09841398333033513,inf,inf,inf,inf,0.21765417940876652,inf,inf,inf,inf,0.18405934343434338,inf,inf,inf,inf,inf,inf,inf,inf,inf,inf,inf,0.3645638264669162,inf,inf,0.24507542546828687,inf,0.023994883040935777,inf,0.15576885458047418,0.15577189109342204,0.3503805750289424,0.5927213837098418,inf,0.3517206529420207,0.13755182151730505,0.30055077674501907,0.26131391465876386,0.0914778755538912,0.17397978335478326,0.45241880006966206,0.030860211712914865,0.49605576255511397,inf,0.3043897069531176,0.25305886243386233,0.1749952868828527,inf,inf,0.21654254650578164,inf,inf,inf,inf,inf,inf,0.30478711293260463,inf,0.0,inf,inf,inf,inf,inf,inf,inf,inf,inf,inf,inf,inf,inf,inf,inf,inf,inf,inf,inf,inf,inf,inf,inf,inf,inf,inf,inf
inf,inf,inf,inf,0.0607418726793979,inf,inf,inf,inf,inf,inf,inf,inf,inf,inf,inf,inf,inf,inf,inf,inf,inf,inf,inf,inf,inf,inf,inf,inf,inf,inf,0.30963210918637185,inf,inf,inf,inf,inf,inf,inf,inf,inf,inf,inf,inf,inf,inf,inf,0.10139927749872613,inf,inf,inf,inf,inf,inf,inf,inf,inf,0.20372042414694425,inf,inf,inf,0.2979041791627295,0.08143925890589432,inf,0.15579803947601345,0.16274628882441233,0.11158538938101037,0.03312294745484412,0.02850431515713947,0.1366549378726396,inf,0.09504405540913963,inf,0.0,0.22042735526969992,0.08604508051224524,0.13236684793998066,0.1194719588038553,0.14446644007577303,0.03562326186895204,inf,inf,inf,inf,inf,inf,inf,inf,0.11057438919100016,inf,inf,inf,inf,inf,inf,inf,inf,inf,inf,inf
inf,inf,inf,inf,0.2811692279490978,inf,inf,inf,inf,inf,inf,inf,inf,inf,inf,inf,inf,inf,inf,inf,inf,inf,inf,inf,inf,inf,inf,inf,inf,inf,inf,0.5300594644560718,inf,inf,inf,inf,inf,inf,inf,inf,inf,inf,inf,inf,inf,inf,inf,0.14949123651549223,inf,inf,inf,inf,inf,inf,inf,inf,inf,0.06404012793211555,inf,inf,inf,0.5063552417072434,0.15298106014289892,inf,0.37622539474571337,0.05768106644528759,0.3320127446507103,0.20230512896498243,0.21767811511874224,0.11663350578430154,inf,0.14885216129808565,inf,0.22042735526969992,0.0,0.13438227475745468,0.11619653471685343,0.15742353473782322,0.08006424022542569,0.18480409340074788,inf,inf,inf,inf,inf,inf,inf,inf,0.1624928310131497,inf,inf,inf,inf,inf,inf,inf,inf,inf,inf,inf
inf,inf,inf,inf,0.14678695319164314,inf,inf,inf,inf,inf,inf,inf,inf,inf,inf,inf,inf,inf,inf,inf,inf,inf,inf,inf,inf,inf,inf,inf,inf,inf,inf,0.3956771896986171,inf,inf,inf,inf,inf,inf,inf,inf,inf,inf,inf,inf,inf,inf,inf,0.03053683981743094,inf,inf,inf,inf,inf,inf,inf,inf,inf,0.12728818658132024,inf,inf,inf,0.3743364167283535,0.024678208932655377,inf,0.2418431199882587,0.0772670093873975,0.1976304698932556,0.06792285420752775,0.08329584036128757,0.0602227003070156,inf,0.027182795698924733,inf,0.08604508051224524,0.13438227475745468,0.0,0.05593461037435665,0.04413286161910335,0.06912734289102107,0.050421818643293204,inf,inf,inf,inf,inf,inf,inf,inf,0.03414215162537615,inf,inf,inf,inf,inf,inf,inf,inf,inf,inf,inf
inf,inf,inf,inf,0.1649726932322444,inf,inf,inf,inf,inf,inf,inf,inf,inf,inf,inf,inf,inf,inf,inf,inf,inf,inf,inf,inf,inf,inf,inf,inf,inf,inf,0.41386292973921834,inf,inf,inf,inf,inf,inf,inf,inf,inf,inf,inf,inf,inf,inf,inf,0.04100367197062421,inf,inf,inf,inf,inf,inf,inf,inf,inf,0.0999164112904205,inf,inf,inf,0.43027102710271015,0.05092758903408634,inf,0.2606834263460769,0.05851546827156584,0.21581620993385686,0.11123072833599135,0.10386253278284119,0.02083333333333337,inf,0.04793605042390037,inf,0.13236684793998066,0.11619653471685343,0.05593461037435665,0.0,0.041227000020969795,0.05021623743290038,0.10140720178888107,inf,inf,inf,inf,inf,inf,inf,inf,0.04629629629629628,inf,inf,inf,inf,inf,inf,inf,inf,inf,inf,inf
inf,inf,inf,inf,0.1445841610790064,inf,inf,inf,inf,inf,inf,inf,inf,inf,inf,inf,inf,inf,inf,inf,inf,inf,inf,inf,inf,inf,inf,inf,inf,inf,inf,0.42468234468234456,inf,inf,inf,inf,inf,inf,inf,inf,inf,inf,inf,inf,inf,inf,inf,0.030750388269687567,inf,inf,inf,inf,inf,inf,inf,inf,inf,0.09338340680570767,inf,inf,inf,0.414720313438789,0.03892929927813649,inf,0.27014985962354376,0.09974246829253564,0.20492851281494806,0.09568001467207021,0.11651941367176621,0.040790028953521684,inf,0.03238533675997923,inf,0.1194719588038553,0.15742353473782322,0.04413286161910335,0.041227000020969795,0.0,0.07735929451239754,0.0867951978326148,inf,inf,inf,inf,inf,inf,inf,inf,0.036677962607818526,inf,inf,inf,inf,inf,inf,inf,inf,inf,inf,inf
inf,inf,inf,inf,0.20110498772367214,inf,inf,inf,inf,inf,inf,inf,inf,inf,inf,inf,inf,inf,inf,inf,inf,inf,inf,inf,inf,inf,inf,inf,inf,inf,inf,0.4499952242306461,inf,inf,inf,inf,inf,inf,inf,inf,inf,inf,inf,inf,inf,inf,inf,0.06942699629006654,inf,inf,inf,inf,inf,inf,inf,inf,inf,0.060402435844058466,inf,inf,inf,0.44122216746561527,0.07291681991747323,inf,0.2961611545202877,0.0223831737801381,0.2519485044252846,0.12224088873955674,0.14151389494368394,0.047524787423475434,inf,0.06878792107265996,inf,0.14446644007577303,0.08006424022542569,0.06912734289102107,0.05021623743290038,0.07735929451239754,0.0,0.1123583421517862,inf,inf,inf,inf,inf,inf,inf,inf,0.08242859078772402,inf,inf,inf,inf,inf,inf,inf,inf,inf,inf,inf
inf,inf,inf,inf,0.09636513454834994,inf,inf,inf,inf,inf,inf,inf,inf,inf,inf,inf,inf,inf,inf,inf,inf,inf,inf,inf,inf,inf,inf,inf,inf,inf,inf,0.3452553710553239,inf,inf,inf,inf,inf,inf,inf,inf,inf,inf,inf,inf,inf,inf,inf,0.07043963134762654,inf,inf,inf,inf,inf,inf,inf,inf,inf,0.17276077799584466,inf,inf,inf,0.3288638253138291,0.050479612754794734,inf,0.1914213013449655,0.1271230269554603,0.1472086512499624,0.024681210753917826,0.03701900801726621,0.10569529172154002,inf,0.06236729443789912,inf,0.03562326186895204,0.18480409340074788,0.050421818643293204,0.10140720178888107,0.0867951978326148,0.1123583421517862,0.0,inf,inf,inf,inf,inf,inf,inf,inf,0.07961474303990057,inf,inf,inf,inf,inf,inf,inf,inf,inf,inf,inf
inf,inf,inf,inf,inf,inf,inf,inf,inf,inf,inf,inf,inf,inf,inf,inf,inf,inf,inf,inf,inf,inf,inf,inf,inf,inf,inf,inf,inf,inf,inf,inf,inf,inf,inf,inf,inf,inf,inf,inf,inf,inf,inf,inf,inf,inf,inf,inf,inf,inf,inf,inf,inf,inf,inf,inf,inf,inf,inf,inf,inf,inf,inf,inf,inf,inf,inf,inf,inf,inf,inf,inf,inf,inf,inf,inf,inf,inf,inf,inf,0.0,0.2407356409526361,0.14881624953946138,0.13363160479818859,0.19651570115348727,0.05577054349101196,0.0350645221819913,0.20989779597727087,inf,0.17132361431433285,0.09777463276650955,0.11057801917524612,0.02682787593379976,0.2460818555574632,0.11272812527007847,0.08967839400802391,0.08072030942231356,0.11788361620582621,0.13088191315548803,0.1410342290283244
inf,inf,inf,inf,inf,inf,inf,inf,inf,inf,inf,inf,inf,inf,inf,inf,inf,inf,inf,inf,inf,inf,inf,inf,inf,inf,inf,inf,inf,inf,inf,inf,inf,inf,inf,inf,inf,inf,inf,inf,inf,inf,inf,inf,inf,inf,inf,inf,inf,inf,inf,inf,inf,inf,inf,inf,inf,inf,inf,inf,inf,inf,inf,inf,inf,inf,inf,inf,inf,inf,inf,inf,inf,inf,inf,inf,inf,inf,inf,inf,0.2407356409526361,0.0,0.12132252366483265,0.1309925170118852,0.0691959210173132,0.18685703379517293,0.20580362425030585,0.06273639804738762,inf,0.10495654559614842,0.18784542053481712,0.15910402150877279,0.25088372619701826,0.021205286780730637,0.1295914149970464,0.19022870121288715,0.16270855457099187,0.13659974605755631,0.13603045567497352,0.1558837501129109
inf,inf,inf,inf,inf,inf,inf,inf,inf,inf,inf,inf,inf,inf,inf,inf,inf,inf,inf,inf,inf,inf,inf,inf,inf,inf,inf,inf,inf,inf,inf,inf,inf,inf,inf,inf,inf,inf,inf,inf,inf,inf,inf,inf,inf,inf,inf,inf,inf,inf,inf,inf,inf,inf,inf,inf,inf,inf,inf,inf,inf,inf,inf,inf,inf,inf,inf,inf,inf,inf,inf,inf,inf,inf,inf,inf,inf,inf,inf,inf,0.14881624953946138,0.12132252366483265,0.0,0.043478260869565244,0.07334448769934199,0.09749492495590528,0.12743381170392631,0.08389701041863407,inf,0.05681818181818182,0.06652289686998447,0.05590669666828607,0.1406504957090794,0.12343925265868394,0.0562438718441709,0.07266427371439632,0.08432420920255979,0.05681818181818182,0.04616726281120509,0.03831932261442006
inf,inf,inf,inf,inf,inf,inf,inf,inf,inf,inf,inf,inf,inf,inf,inf,inf,inf,inf,inf,inf,inf,inf,inf,inf,inf,inf,inf,inf,inf,inf,inf,inf,inf,inf,inf,inf,inf,inf,inf,inf,inf,inf,inf,inf,inf,inf,inf,inf,inf,inf,inf,inf,inf,inf,inf,inf,inf,inf,inf,inf,inf,inf,inf,inf,inf,inf,inf,inf,inf,inf,inf,inf,inf,inf,inf,inf,inf,inf,inf,0.13363160479818859,0.1309925170118852,0.043478260869565244,0.0,0.08677257721273635,0.08231028021463249,0.11224916696265352,0.10507904231684395,inf,0.037692009516144265,0.07129498026803005,0.042553581241985716,0.1254658509678066,0.14391035916192496,0.030385268381872832,0.05923618420100196,0.069139564461287,0.030701754385964897,0.029250288350634368,0.03886273263278617
inf,inf,inf,inf,inf,inf,inf,inf,inf,inf,inf,inf,inf,inf,inf,inf,inf,inf,inf,inf,inf,inf,inf,inf,inf,inf,inf,inf,inf,inf,inf,inf,inf,inf,inf,inf,inf,inf,inf,inf,inf,inf,inf,inf,inf,inf,inf,inf,inf,inf,inf,inf,inf,inf,inf,inf,inf,inf,inf,inf,inf,inf,inf,inf,inf,inf,inf,inf,inf,inf,inf,inf,inf,inf,inf,inf,inf,inf,inf,inf,0.19651570115348727,0.0691959210173132,0.07334448769934199,0.08677257721273635,0.0,0.1433322273331853,0.17327111408120632,0.023869928497805448,inf,0.060930947279325354,0.11864949951750392,0.09287289138526178,0.20666378639786942,0.07131265001116449,0.09087247324026548,0.1460087614137383,0.1301615115798398,0.09237980625840747,0.09181051587582467,0.11166381031376205
inf,inf,inf,inf,inf,inf,inf,inf,inf,inf,inf,inf,inf,inf,inf,inf,inf,inf,inf,inf,inf,inf,inf,inf,inf,inf,inf,inf,inf,inf,inf,inf,inf,inf,inf,inf,inf,inf,inf,inf,inf,inf,inf,inf,inf,inf,inf,inf,inf,inf,inf,inf,inf,inf,inf,inf,inf,inf,inf,inf,inf,inf,inf,inf,inf,inf,inf,inf,inf,inf,inf,inf,inf,inf,inf,inf,inf,inf,inf,inf,0.05577054349101196,0.18685703379517293,0.09749492495590528,0.08231028021463249,0.1433322273331853,0.0,0.03470937769038507,0.15857647139371478,inf,0.12000228973077676,0.043896025609046374,0.056699412017782946,0.06452888476984853,0.19031131206645124,0.05726561879812653,0.038357069424467816,0.026841702264850387,0.06656229162227012,0.07956058857193193,0.08545646867926315
inf,inf,inf,inf,inf,inf,inf,inf,inf,inf,inf,inf,inf,inf,inf,inf,inf,inf,inf,inf,inf,inf,inf,inf,inf,inf,inf,inf,inf,inf,inf,inf,inf,inf,inf,inf,inf,inf,inf,inf,inf,inf,inf,inf,inf,inf,inf,inf,inf,inf,inf,inf,inf,inf,inf,inf,inf,inf,inf,inf,inf,inf,inf,inf,inf,inf,inf,inf,inf,inf,inf,inf,inf,inf,inf,inf,inf,inf,inf,inf,0.0350645221819913,0.20580362425030585,0.12743381170392631,0.11224916696265352,0.17327111408120632,0.03470937769038507,0.0,0.1885153581417358,inf,0.1499411764787978,0.06271011058451825,0.08039822269594454,0.04521260742637345,0.21500499330156386,0.084875242615286,0.06829595617248885,0.045655787240322265,0.09650117837029115,0.10949947531995297,0.11539535542728419
inf,inf,inf,inf,inf,inf,inf,inf,inf,inf,inf,inf,inf,inf,inf,inf,inf,inf,inf,inf,inf,inf,inf,inf,inf,inf,inf,inf,inf,inf,inf,inf,inf,inf,inf,inf,inf,inf,inf,inf,inf,inf,inf,inf,inf,inf,inf,inf,inf,inf,inf,inf,inf,inf,inf,inf,inf,inf,inf,inf,inf,inf,inf,inf,inf,inf,inf,inf,inf,inf,inf,inf,inf,inf,inf,inf,inf,inf,inf,inf,0.20989779597727087,0.06273639804738762,0.08389701041863407,0.10507904231684395,0.023869928497805448,0.15857647139371478,0.1885153581417358,0.0,inf,0.08116749522137023,0.13082504371126757,0.10811713544579127,0.2017320421468889,0.05913710581740084,0.10611671730079497,0.12749230316549953,0.14540575564036928,0.09201417977144466,0.10227486104168493,0.09314735206552327
inf,inf,inf,inf,0.1314337756217807,inf,inf,inf,inf,inf,inf,inf,inf,inf,inf,inf,inf,inf,inf,inf,inf,inf,inf,inf,inf,inf,inf,inf,inf,inf,inf,0.40060857538035954,inf,inf,inf,inf,inf,inf,inf,inf,inf,inf,inf,inf,inf,inf,inf,0.04100367197062421,inf,inf,inf,inf,inf,inf,inf,inf,inf,0.09876842443142286,inf,inf,inf,0.40847856835372964,0.039269783787741375,inf,0.24607609032155875,0.10481176456786212,0.18275936465530185,0.08943826958701084,0.0924456443697812,0.04585932522884817,inf,0.03123878061472385,inf,0.11057438919100016,0.1624928310131497,0.03414215162537615,0.04629629629629628,0.036677962607818526,0.08242859078772402,0.07961474303990057,inf,inf,inf,inf,inf,inf,inf,inf,0.0,inf,inf,inf,inf,inf,inf,inf,inf,inf,inf,inf
inf,inf,inf,inf,inf,inf,inf,inf,inf,inf,inf,inf,inf,inf,inf,inf,inf,inf,inf,inf,inf,inf,inf,inf,inf,inf,inf,inf,inf,inf,inf,inf,inf,inf,inf,inf,inf,inf,inf,inf,inf,inf,inf,inf,inf,inf,inf,inf,inf,inf,inf,inf,inf,inf,inf,inf,inf,inf,inf,inf,inf,inf,inf,inf,inf,inf,inf,inf,inf,inf,inf,inf,inf,inf,inf,inf,inf,inf,inf,inf,0.17132361431433285,0.10495654559614842,0.05681818181818182,0.037692009516144265,0.060930947279325354,0.12000228973077676,0.1499411764787978,0.08116749522137023,inf,0.0,0.09793546741315051,0.06954295378285325,0.16315786048395087,0.11999881206645124,0.06754253563785695,0.08596486917210022,0.10683157397743126,0.05343999810850664,0.04044170115884482,0.05161991807212396
inf,inf,inf,inf,inf,inf,inf,inf,inf,inf,inf,inf,inf,inf,inf,inf,inf,inf,inf,inf,inf,inf,inf,inf,inf,inf,inf,inf,inf,inf,inf,inf,inf,inf,inf,inf,inf,inf,inf,inf,inf,inf,inf,inf,inf,inf,inf,inf,inf,inf,inf,inf,inf,inf,inf,inf,inf,inf,inf,inf,inf,inf,inf,inf,inf,inf,inf,inf,inf,inf,inf,inf,inf,inf,inf,inf,inf,inf,inf,inf,0.09777463276650955,0.18784542053481712,0.06652289686998447,0.07129498026803005,0.11864949951750392,0.043896025609046374,0.06271011058451825,0.13082504371126757,inf,0.09793546741315051,0.0,0.028741399026044334,0.1079227180108917,0.1899621495286684,0.06691703889979728,0.04726769302676059,0.026913017948033136,0.06008880117587656,0.06433999824862291,0.05332466817700865
inf,inf,inf,inf,inf,inf,inf,inf,inf,inf,inf,inf,inf,inf,inf,inf,inf,inf,inf,inf,inf,inf,inf,inf,inf,inf,inf,inf,inf,inf,inf,inf,inf,inf,inf,inf,inf,inf,inf,inf,inf,inf,inf,inf,inf,inf,inf,inf,inf,inf,inf,inf,inf,inf,inf,inf,inf,inf,inf,inf,inf,inf,inf,inf,inf,inf,inf,inf,inf,inf,inf,inf,inf,inf,inf,inf,inf,inf,inf,inf,0.11057801917524612,0.15910402150877279,0.05590669666828607,0.042553581241985716,0.09287289138526178,0.056699412017782946,0.08039822269594454,0.10811713544579127,inf,0.06954295378285325,0.028741399026044334,0.0,0.12072610441962828,0.16122075050262408,0.03817563987375294,0.060071079435497166,0.037288620194578015,0.031347402149832226,0.035598599222578575,0.041298151244675396
inf,inf,inf,inf,inf,inf,inf,inf,inf,inf,inf,inf,inf,inf,inf,inf,inf,inf,inf,inf,inf,inf,inf,inf,inf,inf,inf,inf,inf,inf,inf,inf,inf,inf,inf,inf,inf,inf,inf,inf,inf,inf,inf,inf,inf,inf,inf,inf,inf,inf,inf,inf,inf,inf,inf,inf,inf,inf,inf,inf,inf,inf,inf,inf,inf,inf,inf,inf,inf,inf,inf,inf,inf,inf,inf,inf,inf,inf,inf,inf,0.02682787593379976,0.25088372619701826,0.1406504957090794,0.1254658509678066,0.20666378639786942,0.06452888476984853,0.04521260742637345,0.2017320421468889,inf,0.16315786048395087,0.1079227180108917,0.12072610441962828,0.0,0.2420340392861159,0.12129231119997186,0.08151264017764193,0.09086839466669572,0.11428398013946195,0.12271615932510604,0.13439719390893534
inf,inf,inf,inf,inf,inf,inf,inf,inf,inf,inf,inf,inf,inf,inf,inf,inf,inf,inf,inf,inf,inf,inf,inf,inf,inf,inf,inf,inf,inf,inf,inf,inf,inf,inf,inf,inf,inf,inf,inf,inf,inf,inf,inf,inf,inf,inf,inf,inf,inf,inf,inf,inf,inf,inf,inf,inf,inf,inf,inf,inf,inf,inf,inf,inf,inf,inf,inf,inf,inf,inf,inf,inf,inf,inf,inf,inf,inf,inf,inf,0.2460818555574632,0.021205286780730637,0.12343925265868394,0.14391035916192496,0.07131265001116449,0.19031131206645124,0.21500499330156386,0.05913710581740084,inf,0.11999881206645124,0.1899621495286684,0.16122075050262408,0.2420340392861159,0.0,0.13335373028738473,0.18137901430198478,0.17161884310428055,0.1304707428961588,0.14110617788676594,0.1470340632020085
inf,inf,inf,inf,inf,inf,inf,inf,inf,inf,inf,inf,inf,inf,inf,inf,inf,inf,inf,inf,inf,inf,inf,inf,inf,inf,inf,inf,inf,inf,inf,inf,inf,inf,inf,inf,inf,inf,inf,inf,inf,inf,inf,inf,inf,inf,inf,inf,inf,inf,inf,inf,inf,inf,inf,inf,inf,inf,inf,inf,inf,inf,inf,inf,inf,inf,inf,inf,inf,inf,inf,inf,inf,inf,inf,inf,inf,inf,inf,inf,0.11272812527007847,0.1295914149970464,0.0562438718441709,0.030385268381872832,0.09087247324026548,0.05726561879812653,0.084875242615286,0.10611671730079497,inf,0.06754253563785695,0.06691703889979728,0.03817563987375294,0.12129231119997186,0.13335373028738473,0.0,0.06063728621584075,0.041780172935972026,0.022627616848722387,0.027100834479012126,0.032996714586343345
inf,inf,inf,inf,inf,inf,inf,inf,inf,inf,inf,inf,inf,inf,inf,inf,inf,inf,inf,inf,inf,inf,inf,inf,inf,inf,inf,inf,inf,inf,inf,inf,inf,inf,inf,inf,inf,inf,inf,inf,inf,inf,inf,inf,inf,inf,inf,inf,inf,inf,inf,inf,inf,inf,inf,inf,inf,inf,inf,inf,inf,inf,inf,inf,inf,inf,inf,inf,inf,inf,inf,inf,inf,inf,inf,inf,inf,inf,inf,inf,0.08967839400802391,0.19022870121288715,0.07266427371439632,0.05923618420100196,0.1460087614137383,0.038357069424467816,0.06829595617248885,0.12749230316549953,inf,0.08596486917210022,0.04726769302676059,0.060071079435497166,0.08151264017764193,0.18137901430198478,0.06063728621584075,0.0,0.035141329258976284,0.05362895515533084,0.054198245537913636,0.05968119985018161
inf,inf,inf,inf,inf,inf,inf,inf,inf,inf,inf,inf,inf,inf,inf,inf,inf,inf,inf,inf,inf,inf,inf,inf,inf,inf,inf,inf,inf,inf,inf,inf,inf,inf,inf,inf,inf,inf,inf,inf,inf,inf,inf,inf,inf,inf,inf,inf,inf,inf,inf,inf,inf,inf,inf,inf,inf,inf,inf,inf,inf,inf,inf,inf,inf,inf,inf,inf,inf,inf,inf,inf,inf,inf,inf,inf,inf,inf,inf,inf,0.08072030942231356,0.16270855457099187,0.08432420920255979,0.069139564461287,0.1301615115798398,0.026841702264850387,0.045655787240322265,0.14540575564036928,inf,0.10683157397743126,0.026913017948033136,0.037288620194578015,0.09086839466669572,0.17161884310428055,0.041780172935972026,0.035141329258976284,0.0,0.05339157586892462,0.06638987281858644,0.07228575292591766
inf,inf,inf,inf,inf,inf,inf,inf,inf,inf,inf,inf,inf,inf,inf,inf,inf,inf,inf,inf,inf,inf,inf,inf,inf,inf,inf,inf,inf,inf,inf,inf,inf,inf,inf,inf,inf,inf,inf,inf,inf,inf,inf,inf,inf,inf,inf,inf,inf,inf,inf,inf,inf,inf,inf,inf,inf,inf,inf,inf,inf,inf,inf,inf,inf,inf,inf,inf,inf,inf,inf,inf,inf,inf,inf,inf,inf,inf,inf,inf,0.11788361620582621,0.13659974605755631,0.05681818181818182,0.030701754385964897,0.09237980625840747,0.06656229162227012,0.09650117837029115,0.09201417977144466,inf,0.05343999810850664,0.06008880117587656,0.031347402149832226,0.11428398013946195,0.1304707428961588,0.022627616848722387,0.05362895515533084,0.05339157586892462,0.0,0.022627616848722387,0.041466346153846145
inf,inf,inf,inf,inf,inf,inf,inf,inf,inf,inf,inf,inf,inf,inf,inf,inf,inf,inf,inf,inf,inf,inf,inf,inf,inf,inf,inf,inf,inf,inf,inf,inf,inf,inf,inf,inf,inf,inf,inf,inf,inf,inf,inf,inf,inf,inf,inf,inf,inf,inf,inf,inf,inf,inf,inf,inf,inf,inf,inf,inf,inf,inf,inf,inf,inf,inf,inf,inf,inf,inf,inf,inf,inf,inf,inf,inf,inf,inf,inf,0.13088191315548803,0.13603045567497352,0.04616726281120509,0.029250288350634368,0.09181051587582467,0.07956058857193193,0.10949947531995297,0.10227486104168493,inf,0.04044170115884482,0.06433999824862291,0.035598599222578575,0.12271615932510604,0.14110617788676594,0.027100834479012126,0.054198245537913636,0.06638987281858644,0.022627616848722387,0.0,0.041466346153846145
inf,inf,inf,inf,inf,inf,inf,inf,inf,inf,inf,inf,inf,inf,inf,inf,inf,inf,inf,inf,inf,inf,inf,inf,inf,inf,inf,inf,inf,inf,inf,inf,inf,inf,inf,inf,inf,inf,inf,inf,inf,inf,inf,inf,inf,inf,inf,inf,inf,inf,inf,inf,inf,inf,inf,inf,inf,inf,inf,inf,inf,inf,inf,inf,inf,inf,inf,inf,inf,inf,inf,inf,inf,inf,inf,inf,inf,inf,inf,inf,0.1410342290283244,0.1558837501129109,0.03831932261442006,0.03886273263278617,0.11166381031376205,0.08545646867926315,0.11539535542728419,0.09314735206552327,inf,0.05161991807212396,0.05332466817700865,0.041298151244675396,0.13439719390893534,0.1470340632020085,0.032996714586343345,0.05968119985018161,0.07228575292591766,0.041466346153846145,0.041466346153846145,0.0
