0.0,inf,0.05063795853269526,0.03506923540036122,inf,inf,inf,inf,inf,inf,inf,0.026234567901234573,0.022931467583103382,inf,inf,inf,0.025731850117096,0.021561771561771637,inf,inf,0.05205278592375362,0.05991735537190079,0.062434691745036464,0.04690522243713724,inf,0.0599850968703427,0.034848484848484795,0.023499123575810632,inf,0.037878787878787845,0.02608172827732047,inf,inf,0.06069118147769825,0.03466226510919246,inf,inf,0.03847884788478839,inf,inf,0.02202797202797191,inf,0.06307977736549164,inf,inf,inf,inf,inf,inf,inf,inf,inf,inf,inf,inf,inf,inf,inf,inf,inf,inf,inf,inf,inf,inf,inf,inf,inf,inf,inf,inf,inf,inf,inf,inf,inf,inf,inf,inf,inf,inf,inf,inf,inf,inf,inf,inf,inf,inf,inf,inf,inf,inf,inf,inf,inf,inf,inf,inf,inf
inf,0.0,inf,inf,inf,inf,0.023456790123456805,0.02962833099579243,0.03556265956908211,0.020804438280166426,0.021460423634336645,inf,inf,0.0259571706683972,inf,0.02444444444444449,inf,inf,0.026721851643494388,inf,inf,inf,inf,inf,inf,inf,inf,inf,0.02796056003115832,inf,inf,inf,0.022326674500587562,inf,inf,0.020314547837483654,inf,inf,0.02232509082386025,inf,inf,inf,inf,inf,inf,inf,inf,inf,inf,inf,inf,inf,inf,inf,inf,inf,inf,inf,inf,inf,inf,inf,inf,inf,inf,inf,inf,inf,inf,inf,inf,inf,inf,inf,inf,inf,inf,inf,inf,inf,inf,inf,inf,inf,inf,inf,inf,inf,inf,inf,inf,inf,inf,inf,inf,inf,inf,inf,inf,inf
0.05063795853269526,inf,0.0,0.028289982496845334,inf,inf,inf,inf,inf,inf,inf,0.05485433039612597,0.06617707058343525,inf,inf,inf,0.054490038655961914,0.0721997300944669,inf,inf,0.026597295762542772,0.019192075530103714,0.02450995524000621,0.0318903983421599,inf,0.0564373897707231,0.01938795853269537,0.04385964912280693,inf,0.02093582227014401,0.07109879963065557,inf,inf,0.03336720867208676,0.0159756934235028,inf,inf,0.03629930546455251,inf,inf,0.02860998650472335,inf,0.021603856266432908,inf,inf,inf,inf,inf,inf,inf,inf,inf,inf,inf,inf,inf,inf,inf,inf,inf,inf,inf,inf,inf,inf,inf,inf,inf,inf,inf,inf,inf,inf,inf,inf,inf,inf,inf,inf,inf,inf,inf,inf,inf,inf,inf,inf,inf,inf,inf,inf,inf,inf,inf,inf,inf,inf,inf,inf,inf
0.03506923540036122,inf,0.028289982496845334,0.0,inf,inf,inf,inf,inf,inf,inf,0.03928560726379193,0.05060834745110121,inf,inf,inf,0.038921315523627875,0.05663100696213286,inf,inf,0.020356676816006947,0.026981732864085783,0.027365456344675243,0.02357948010121924,inf,0.0564373897707231,0.02703480011504167,0.029878618113912236,inf,0.025882352941176467,0.055530076498321534,inf,inf,0.025621946077337032,0.025326797385620936,inf,inf,0.020238095238095277,inf,inf,0.01880530973451333,inf,0.02801054196513042,inf,inf,inf,inf,inf,inf,inf,inf,inf,inf,inf,inf,inf,inf,inf,inf,inf,inf,inf,inf,inf,inf,inf,inf,inf,inf,inf,inf,inf,inf,inf,inf,inf,inf,inf,inf,inf,inf,inf,inf,inf,inf,inf,inf,inf,inf,inf,inf,inf,inf,inf,inf,inf,inf,inf,inf,inf
inf,inf,inf,inf,0.0,inf,inf,inf,inf,inf,inf,inf,inf,inf,inf,inf,inf,inf,inf,inf,inf,inf,inf,inf,inf,inf,inf,inf,inf,inf,inf,0.023809523809523725,inf,inf,inf,inf,inf,inf,inf,inf,inf,inf,inf,inf,inf,inf,inf,0.033935689609354225,inf,inf,inf,inf,inf,inf,inf,inf,inf,0.0336206896551724,inf,inf,inf,0.05917197452229295,0.022841898492248824,inf,0.03499132446500863,0.05135684847187283,0.034110097939885065,0.04004916750474907,0.04380426203630616,0.03753026634382561,inf,0.030120481927710885,inf,0.055976953775405014,0.039761727475800424,0.03470351996220178,0.05485398579321232,0.020689655172413834,0.05071043606075454,0.0528083381586566,inf,inf,inf,inf,inf,inf,inf,inf,0.0289927768860353,inf,inf,inf,inf,inf,inf,inf,inf,inf,inf,inf
inf,inf,inf,inf,inf,0.0,inf,inf,inf,inf,inf,inf,inf,inf,0.050490196078431415,inf,inf,inf,inf,0.025000000000000022,inf,inf,inf,inf,0.03259423503325942,inf,inf,inf,inf,inf,inf,inf,inf,inf,inf,inf,0.061111111111111116,inf,inf,0.07009803921568625,inf,0.021322778345250204,inf,0.046839080459770144,0.03622368543077059,0.021847690387016283,0.03409090909090917,inf,0.039743589743589824,0.04044715447154479,0.026821312069590375,0.033466750253170585,0.07692307692307698,0.04233449477351914,0.0380487804878048,0.04618114707552534,0.025909090909090993,inf,0.018915349004219095,0.04233449477351914,0.028301784337362523,inf,inf,0.055424346098664534,inf,inf,inf,inf,inf,inf,0.061655337864854,inf,0.027403120848438434,inf,inf,inf,inf,inf,inf,inf,inf,inf,inf,inf,inf,inf,inf,inf,inf,inf,inf,inf,inf,inf,inf,inf,inf,inf,inf,inf
inf,0.023456790123456805,inf,inf,inf,inf,0.0,0.02483940894536929,0.031632460930145045,0.025691699604743157,0.023456790123456805,inf,inf,0.023456790123456805,inf,0.029268292682926855,inf,inf,0.026037828543355457,inf,inf,inf,inf,inf,inf,inf,inf,inf,0.029661016949152463,inf,inf,inf,0.02483940894536929,inf,inf,0.02483940894536929,inf,inf,0.026747608535687917,inf,inf,inf,inf,inf,inf,inf,inf,inf,inf,inf,inf,inf,inf,inf,inf,inf,inf,inf,inf,inf,inf,inf,inf,inf,inf,inf,inf,inf,inf,inf,inf,inf,inf,inf,inf,inf,inf,inf,inf,inf,inf,inf,inf,inf,inf,inf,inf,inf,inf,inf,inf,inf,inf,inf,inf,inf,inf,inf,inf,inf
inf,0.02962833099579243,inf,inf,inf,inf,0.02483940894536929,0.0,0.0351090288622824,0.022075222075222056,0.021505376344086113,inf,inf,0.018938075499161378,inf,0.042893187552565215,inf,inf,0.015539617486338808,inf,inf,inf,inf,inf,inf,inf,inf,inf,0.014522042583267059,inf,inf,inf,0.017491254372813514,inf,inf,0.017251051893408142,inf,inf,0.03798560173865795,inf,inf,inf,inf,inf,inf,inf,inf,inf,inf,inf,inf,inf,inf,inf,inf,inf,inf,inf,inf,inf,inf,inf,inf,inf,inf,inf,inf,inf,inf,inf,inf,inf,inf,inf,inf,inf,inf,inf,inf,inf,inf,inf,inf,inf,inf,inf,inf,inf,inf,inf,inf,inf,inf,inf,inf,inf,inf,inf,inf,inf
inf,0.03556265956908211,inf,inf,inf,inf,0.031632460930145045,0.0351090288622824,0.0,0.021622344304535912,0.03330778342972618,inf,inf,0.023181962527786593,inf,0.027560197272991083,inf,inf,0.0328669966096411,inf,inf,inf,inf,inf,inf,inf,inf,inf,0.029549466574564365,inf,inf,inf,0.03563612141973549,inf,inf,0.03183370154649534,inf,inf,0.03798560173865795,inf,inf,inf,inf,inf,inf,inf,inf,inf,inf,inf,inf,inf,inf,inf,inf,inf,inf,inf,inf,inf,inf,inf,inf,inf,inf,inf,inf,inf,inf,inf,inf,inf,inf,inf,inf,inf,inf,inf,inf,inf,inf,inf,inf,inf,inf,inf,inf,inf,inf,inf,inf,inf,inf,inf,inf,inf,inf,inf,inf,inf
inf,0.020804438280166426,inf,inf,inf,inf,0.025691699604743157,0.022075222075222056,0.021622344304535912,0.0,0.022575250836120442,inf,inf,0.021622344304535912,inf,0.03017510944340218,inf,inf,0.0262932595739076,inf,inf,inf,inf,inf,inf,inf,inf,inf,0.02672955974842761,inf,inf,inf,0.022075222075222056,inf,inf,0.021622344304535912,inf,inf,0.01898839137645103,inf,inf,inf,inf,inf,inf,inf,inf,inf,inf,inf,inf,inf,inf,inf,inf,inf,inf,inf,inf,inf,inf,inf,inf,inf,inf,inf,inf,inf,inf,inf,inf,inf,inf,inf,inf,inf,inf,inf,inf,inf,inf,inf,inf,inf,inf,inf,inf,inf,inf,inf,inf,inf,inf,inf,inf,inf,inf,inf,inf,inf
inf,0.021460423634336645,inf,inf,inf,inf,0.023456790123456805,0.021505376344086113,0.03330778342972618,0.022575250836120442,0.0,inf,inf,0.02026975827839661,inf,0.037367104440275134,inf,inf,0.021505376344086113,inf,inf,inf,inf,inf,inf,inf,inf,inf,0.021505376344086113,inf,inf,inf,0.021505376344086113,inf,inf,0.021505376344086113,inf,inf,0.03351254480286725,inf,inf,inf,inf,inf,inf,inf,inf,inf,inf,inf,inf,inf,inf,inf,inf,inf,inf,inf,inf,inf,inf,inf,inf,inf,inf,inf,inf,inf,inf,inf,inf,inf,inf,inf,inf,inf,inf,inf,inf,inf,inf,inf,inf,inf,inf,inf,inf,inf,inf,inf,inf,inf,inf,inf,inf,inf,inf,inf,inf,inf
0.026234567901234573,inf,0.05485433039612597,0.03928560726379193,inf,inf,inf,inf,inf,inf,inf,0.0,0.03749999999999998,inf,inf,inf,0.033415841584158446,0.03749999999999998,inf,inf,0.05626915778718433,0.0641337272353315,0.06665106360846718,0.05112159430056795,inf,0.06420146873377341,0.03906485671191551,0.03749999999999998,inf,0.04209515974221856,0.03431952662721893,inf,inf,0.06490755334112897,0.03887863697262317,inf,inf,0.042695219748219104,inf,inf,0.036601307189542465,inf,0.06729614922892235,inf,inf,inf,inf,inf,inf,inf,inf,inf,inf,inf,inf,inf,inf,inf,inf,inf,inf,inf,inf,inf,inf,inf,inf,inf,inf,inf,inf,inf,inf,inf,inf,inf,inf,inf,inf,inf,inf,inf,inf,inf,inf,inf,inf,inf,inf,inf,inf,inf,inf,inf,inf,inf,inf,inf,inf,inf
0.022931467583103382,inf,0.06617707058343525,0.05060834745110121,inf,inf,inf,inf,inf,inf,inf,0.03749999999999998,0.0,inf,inf,inf,0.0334535505534137,0.030014310461700666,inf,inf,0.06759189797449361,0.07545646742264078,0.07797380379577645,0.06244433448787723,inf,0.07552420892108269,0.050387596899224785,0.03032963524622867,inf,0.053417899929527835,0.038228195542094445,inf,inf,0.07623029352843824,0.05020137715993245,inf,inf,0.05401795993552838,inf,inf,0.0375670840787119,inf,0.07861888941623163,inf,inf,inf,inf,inf,inf,inf,inf,inf,inf,inf,inf,inf,inf,inf,inf,inf,inf,inf,inf,inf,inf,inf,inf,inf,inf,inf,inf,inf,inf,inf,inf,inf,inf,inf,inf,inf,inf,inf,inf,inf,inf,inf,inf,inf,inf,inf,inf,inf,inf,inf,inf,inf,inf,inf,inf,inf
inf,0.0259571706683972,inf,inf,inf,inf,0.023456790123456805,0.018938075499161378,0.023181962527786593,0.021622344304535912,0.02026975827839661,inf,inf,0.0,inf,0.03324622531939603,inf,inf,0.01866215975805019,inf,inf,inf,inf,inf,inf,inf,inf,inf,0.019582689165926537,inf,inf,inf,0.016440704378993254,inf,inf,0.01993989945797181,inf,inf,0.03798560173865795,inf,inf,inf,inf,inf,inf,inf,inf,inf,inf,inf,inf,inf,inf,inf,inf,inf,inf,inf,inf,inf,inf,inf,inf,inf,inf,inf,inf,inf,inf,inf,inf,inf,inf,inf,inf,inf,inf,inf,inf,inf,inf,inf,inf,inf,inf,inf,inf,inf,inf,inf,inf,inf,inf,inf,inf,inf,inf,inf,inf,inf
inf,inf,inf,inf,inf,0.050490196078431415,inf,inf,inf,inf,inf,inf,inf,inf,0.0,inf,inf,inf,inf,0.0360002239516265,inf,inf,inf,inf,0.05258467023172908,inf,inf,inf,inf,inf,inf,inf,inf,inf,inf,inf,0.039177983415454865,inf,inf,0.039177983415454865,inf,0.04389815627743632,inf,0.039177983415454865,0.05621412062924025,0.039177983415454865,0.039177983415454865,inf,0.05326485693323557,0.031848242255482107,0.029723000311235648,0.047787959404867464,0.07402031930333819,0.062324929971988796,0.05803921568627446,0.04214138641043241,0.04049892208192174,inf,0.050420168067226934,0.062324929971988796,0.05350438047559447,inf,inf,0.07541478129713419,inf,inf,inf,inf,inf,inf,0.08164577306332366,inf,0.040747549019607865,inf,inf,inf,inf,inf,inf,inf,inf,inf,inf,inf,inf,inf,inf,inf,inf,inf,inf,inf,inf,inf,inf,inf,inf,inf,inf,inf
inf,0.02444444444444449,inf,inf,inf,inf,0.029268292682926855,0.042893187552565215,0.027560197272991083,0.03017510944340218,0.037367104440275134,inf,inf,0.03324622531939603,inf,0.0,inf,inf,0.037744178346760804,inf,inf,inf,inf,inf,inf,inf,inf,inf,0.03823335530652605,inf,inf,inf,0.03823335530652605,inf,inf,0.0328279499011207,inf,inf,0.03798560173865795,inf,inf,inf,inf,inf,inf,inf,inf,inf,inf,inf,inf,inf,inf,inf,inf,inf,inf,inf,inf,inf,inf,inf,inf,inf,inf,inf,inf,inf,inf,inf,inf,inf,inf,inf,inf,inf,inf,inf,inf,inf,inf,inf,inf,inf,inf,inf,inf,inf,inf,inf,inf,inf,inf,inf,inf,inf,inf,inf,inf,inf
0.025731850117096,inf,0.054490038655961914,0.038921315523627875,inf,inf,inf,inf,inf,inf,inf,0.033415841584158446,0.0334535505534137,inf,inf,inf,0.0,0.018187830687830697,inf,inf,0.055904866047020274,0.06376943549516745,0.06628677186830312,0.050757302560403894,inf,0.06383717699360936,0.03870056497175145,0.028692307124345673,inf,0.0417308680020545,0.02286336418072943,inf,inf,0.06454326160096491,0.03851434523245911,inf,inf,0.042330928008055047,inf,inf,0.025880052151238564,inf,0.0669318574887583,inf,inf,inf,inf,inf,inf,inf,inf,inf,inf,inf,inf,inf,inf,inf,inf,inf,inf,inf,inf,inf,inf,inf,inf,inf,inf,inf,inf,inf,inf,inf,inf,inf,inf,inf,inf,inf,inf,inf,inf,inf,inf,inf,inf,inf,inf,inf,inf,inf,inf,inf,inf,inf,inf,inf,inf,inf
0.021561771561771637,inf,0.0721997300944669,0.05663100696213286,inf,inf,inf,inf,inf,inf,inf,0.03749999999999998,0.030014310461700666,inf,inf,inf,0.018187830687830697,0.0,inf,inf,0.07361455748552526,0.08147912693367243,0.0839964633068081,0.06846699399890888,inf,0.08154686843211434,0.05641025641025643,0.028340080971659964,inf,0.05944055944055948,0.02176696542893719,inf,inf,0.08225295303946989,0.056224036670964095,inf,inf,0.06004061944656003,inf,inf,0.043589743589743546,inf,0.08464154892726328,inf,inf,inf,inf,inf,inf,inf,inf,inf,inf,inf,inf,inf,inf,inf,inf,inf,inf,inf,inf,inf,inf,inf,inf,inf,inf,inf,inf,inf,inf,inf,inf,inf,inf,inf,inf,inf,inf,inf,inf,inf,inf,inf,inf,inf,inf,inf,inf,inf,inf,inf,inf,inf,inf,inf,inf,inf
inf,0.026721851643494388,inf,inf,inf,inf,0.026037828543355457,0.015539617486338808,0.0328669966096411,0.0262932595739076,0.021505376344086113,inf,inf,0.01866215975805019,inf,0.037744178346760804,inf,inf,0.0,inf,inf,inf,inf,inf,inf,inf,inf,inf,0.019477702585459,inf,inf,inf,0.01899880232690776,inf,inf,0.017714285714285793,inf,inf,0.03798560173865795,inf,inf,inf,inf,inf,inf,inf,inf,inf,inf,inf,inf,inf,inf,inf,inf,inf,inf,inf,inf,inf,inf,inf,inf,inf,inf,inf,inf,inf,inf,inf,inf,inf,inf,inf,inf,inf,inf,inf,inf,inf,inf,inf,inf,inf,inf,inf,inf,inf,inf,inf,inf,inf,inf,inf,inf,inf,inf,inf,inf,inf
inf,inf,inf,inf,inf,0.025000000000000022,inf,inf,inf,inf,inf,inf,inf,inf,0.0360002239516265,inf,inf,inf,inf,0.0,inf,inf,inf,inf,0.028315946348733245,inf,inf,inf,inf,inf,inf,inf,inf,inf,inf,inf,0.036111111111111094,inf,inf,0.045098039215686225,inf,0.018407960199004925,inf,0.02183908045977012,0.031945396746244414,0.02195121951219514,0.03409090909090917,inf,0.05079217148182669,0.019551323855484526,0.017857142857142794,0.024029174058742386,0.06993006993007,0.03805620608899296,0.033770491803278624,0.04089697638084744,0.019533733663016584,inf,0.02492997198879554,0.03805620608899296,0.028014184397163078,inf,inf,0.05114605741413836,inf,inf,inf,inf,inf,inf,0.05737704918032782,inf,0.025311134465401897,inf,inf,inf,inf,inf,inf,inf,inf,inf,inf,inf,inf,inf,inf,inf,inf,inf,inf,inf,inf,inf,inf,inf,inf,inf,inf,inf
0.05205278592375362,inf,0.026597295762542772,0.020356676816006947,inf,inf,inf,inf,inf,inf,inf,0.05626915778718433,0.06759189797449361,inf,inf,inf,0.055904866047020274,0.07361455748552526,inf,inf,0.0,0.022513873911785498,0.027027027027026973,0.023466842119691966,inf,0.0564373897707231,0.027087287956853112,0.04527447651386529,inf,0.022777222777222716,0.07251362702171393,inf,inf,0.03336720867208676,0.02475032566217983,inf,inf,0.022295952222959547,inf,inf,0.03002481389578171,inf,0.023921200750469107,inf,inf,inf,inf,inf,inf,inf,inf,inf,inf,inf,inf,inf,inf,inf,inf,inf,inf,inf,inf,inf,inf,inf,inf,inf,inf,inf,inf,inf,inf,inf,inf,inf,inf,inf,inf,inf,inf,inf,inf,inf,inf,inf,inf,inf,inf,inf,inf,inf,inf,inf,inf,inf,inf,inf,inf,inf
0.05991735537190079,inf,0.019192075530103714,0.026981732864085783,inf,inf,inf,inf,inf,inf,inf,0.0641337272353315,0.07545646742264078,inf,inf,inf,0.06376943549516745,0.08147912693367243,inf,inf,0.022513873911785498,0.0,0.031243399175613584,0.0311111111111112,inf,0.0564373897707231,0.025068870523415998,0.053139045962012466,inf,0.022430940145354183,0.08037819646986111,inf,inf,0.03336720867208676,0.03029025230163751,inf,inf,0.02879511677282376,inf,inf,0.037889383343928884,inf,0.034075915186105754,inf,inf,inf,inf,inf,inf,inf,inf,inf,inf,inf,inf,inf,inf,inf,inf,inf,inf,inf,inf,inf,inf,inf,inf,inf,inf,inf,inf,inf,inf,inf,inf,inf,inf,inf,inf,inf,inf,inf,inf,inf,inf,inf,inf,inf,inf,inf,inf,inf,inf,inf,inf,inf,inf,inf,inf,inf
0.062434691745036464,inf,0.02450995524000621,0.027365456344675243,inf,inf,inf,inf,inf,inf,inf,0.06665106360846718,0.07797380379577645,inf,inf,inf,0.06628677186830312,0.0839964633068081,inf,inf,0.027027027027026973,0.031243399175613584,0.0,0.02965732087227413,inf,0.0564373897707231,0.027586206896551668,0.055656382335148136,inf,0.02455590386624862,0.08289553284299678,inf,inf,0.03336720867208676,0.027772426635844005,inf,inf,0.038461538461538436,inf,inf,0.040406719717064554,inf,0.024251439666103103,inf,inf,inf,inf,inf,inf,inf,inf,inf,inf,inf,inf,inf,inf,inf,inf,inf,inf,inf,inf,inf,inf,inf,inf,inf,inf,inf,inf,inf,inf,inf,inf,inf,inf,inf,inf,inf,inf,inf,inf,inf,inf,inf,inf,inf,inf,inf,inf,inf,inf,inf,inf,inf,inf,inf,inf,inf
0.04690522243713724,inf,0.0318903983421599,0.02357948010121924,inf,inf,inf,inf,inf,inf,inf,0.05112159430056795,0.06244433448787723,inf,inf,inf,0.050757302560403894,0.06846699399890888,inf,inf,0.023466842119691966,0.0311111111111112,0.02965732087227413,0.0,inf,0.0564373897707231,0.018394648829431426,0.04012691302724891,inf,0.03488795887845775,0.06736606353509755,inf,inf,0.03336720867208676,0.03002235707441714,inf,inf,0.02168367346938771,inf,inf,0.02487725040916533,inf,0.02817531305903409,inf,inf,inf,inf,inf,inf,inf,inf,inf,inf,inf,inf,inf,inf,inf,inf,inf,inf,inf,inf,inf,inf,inf,inf,inf,inf,inf,inf,inf,inf,inf,inf,inf,inf,inf,inf,inf,inf,inf,inf,inf,inf,inf,inf,inf,inf,inf,inf,inf,inf,inf,inf,inf,inf,inf,inf,inf
inf,inf,inf,inf,inf,0.03259423503325942,inf,inf,inf,inf,inf,inf,inf,inf,0.05258467023172908,inf,inf,inf,inf,0.028315946348733245,inf,inf,inf,inf,0.0,inf,inf,inf,inf,inf,inf,inf,inf,inf,inf,inf,0.05126262626262623,inf,inf,0.06024955436720136,inf,0.037878787878787956,inf,0.03699059561128526,0.02319749216300937,0.032467532467532534,0.03870387038703871,inf,0.037914230019493234,0.030598669623059904,0.027235695339143606,0.027240143369175684,0.07692307692307698,0.026600985221674867,0.02323232323232327,0.04108391608391615,0.029922338967565132,inf,0.04922001075847238,0.028496729387062825,0.02851556548677059,inf,inf,0.026072831205148805,inf,inf,inf,inf,inf,inf,0.03102297512258312,inf,0.03586358635863596,inf,inf,inf,inf,inf,inf,inf,inf,inf,inf,inf,inf,inf,inf,inf,inf,inf,inf,inf,inf,inf,inf,inf,inf,inf,inf,inf
0.0599850968703427,inf,0.0564373897707231,0.0564373897707231,inf,inf,inf,inf,inf,inf,inf,0.06420146873377341,0.07552420892108269,inf,inf,inf,0.06383717699360936,0.08154686843211434,inf,inf,0.0564373897707231,0.0564373897707231,0.0564373897707231,0.0564373897707231,inf,0.0,0.0564373897707231,0.0564373897707231,inf,0.0564373897707231,0.08044593796830302,inf,inf,0.0564373897707231,0.0564373897707231,inf,inf,0.0564373897707231,inf,inf,0.0564373897707231,inf,0.0564373897707231,inf,inf,inf,inf,inf,inf,inf,inf,inf,inf,inf,inf,inf,inf,inf,inf,inf,inf,inf,inf,inf,inf,inf,inf,inf,inf,inf,inf,inf,inf,inf,inf,inf,inf,inf,inf,inf,inf,inf,inf,inf,inf,inf,inf,inf,inf,inf,inf,inf,inf,inf,inf,inf,inf,inf,inf,inf
0.034848484848484795,inf,0.01938795853269537,0.02703480011504167,inf,inf,inf,inf,inf,inf,inf,0.03906485671191551,0.050387596899224785,inf,inf,inf,0.03870056497175145,0.05641025641025643,inf,inf,0.027087287956853112,0.025068870523415998,0.027586206896551668,0.018394648829431426,inf,0.0564373897707231,0.0,0.028070175438596467,inf,0.02114753417258708,0.05530932594644511,inf,inf,0.03336720867208676,0.018233618233618243,inf,inf,0.03678929765886285,inf,inf,0.023309946888728672,inf,0.028231292517006845,inf,inf,inf,inf,inf,inf,inf,inf,inf,inf,inf,inf,inf,inf,inf,inf,inf,inf,inf,inf,inf,inf,inf,inf,inf,inf,inf,inf,inf,inf,inf,inf,inf,inf,inf,inf,inf,inf,inf,inf,inf,inf,inf,inf,inf,inf,inf,inf,inf,inf,inf,inf,inf,inf,inf,inf,inf
0.023499123575810632,inf,0.04385964912280693,0.029878618113912236,inf,inf,inf,inf,inf,inf,inf,0.03749999999999998,0.03032963524622867,inf,inf,inf,0.028692307124345673,0.028340080971659964,inf,inf,0.04527447651386529,0.053139045962012466,0.055656382335148136,0.04012691302724891,inf,0.0564373897707231,0.028070175438596467,0.0,inf,0.031100478468899517,0.027239150507848642,inf,inf,0.053912872067809925,0.02788395569930413,inf,inf,0.03444316877152698,inf,inf,0.020976728941330736,inf,0.05630146795560331,inf,inf,inf,inf,inf,inf,inf,inf,inf,inf,inf,inf,inf,inf,inf,inf,inf,inf,inf,inf,inf,inf,inf,inf,inf,inf,inf,inf,inf,inf,inf,inf,inf,inf,inf,inf,inf,inf,inf,inf,inf,inf,inf,inf,inf,inf,inf,inf,inf,inf,inf,inf,inf,inf,inf,inf,inf
inf,0.02796056003115832,inf,inf,inf,inf,0.029661016949152463,0.014522042583267059,0.029549466574564365,0.02672955974842761,0.021505376344086113,inf,inf,0.019582689165926537,inf,0.03823335530652605,inf,inf,0.019477702585459,inf,inf,inf,inf,inf,inf,inf,inf,inf,0.0,inf,inf,inf,0.019406392694063856,inf,inf,0.017564686221402614,inf,inf,0.03798560173865795,inf,inf,inf,inf,inf,inf,inf,inf,inf,inf,inf,inf,inf,inf,inf,inf,inf,inf,inf,inf,inf,inf,inf,inf,inf,inf,inf,inf,inf,inf,inf,inf,inf,inf,inf,inf,inf,inf,inf,inf,inf,inf,inf,inf,inf,inf,inf,inf,inf,inf,inf,inf,inf,inf,inf,inf,inf,inf,inf,inf,inf
0.037878787878787845,inf,0.02093582227014401,0.025882352941176467,inf,inf,inf,inf,inf,inf,inf,0.04209515974221856,0.053417899929527835,inf,inf,inf,0.0417308680020545,0.05944055944055948,inf,inf,0.022777222777222716,0.022430940145354183,0.02455590386624862,0.03488795887845775,inf,0.0564373897707231,0.02114753417258708,0.031100478468899517,inf,0.0,0.05833962897674816,inf,inf,0.029629214741794585,0.022428494806090438,inf,inf,0.03083333333333338,inf,inf,0.020976728941330736,inf,0.031047444283304304,inf,inf,inf,inf,inf,inf,inf,inf,inf,inf,inf,inf,inf,inf,inf,inf,inf,inf,inf,inf,inf,inf,inf,inf,inf,inf,inf,inf,inf,inf,inf,inf,inf,inf,inf,inf,inf,inf,inf,inf,inf,inf,inf,inf,inf,inf,inf,inf,inf,inf,inf,inf,inf,inf,inf,inf,inf
0.02608172827732047,inf,0.07109879963065557,0.055530076498321534,inf,inf,inf,inf,inf,inf,inf,0.03431952662721893,0.038228195542094445,inf,inf,inf,0.02286336418072943,0.02176696542893719,inf,inf,0.07251362702171393,0.08037819646986111,0.08289553284299678,0.06736606353509755,inf,0.08044593796830302,0.05530932594644511,0.027239150507848642,inf,0.05833962897674816,0.0,inf,inf,0.08115202257565857,0.05512310620715277,inf,inf,0.058939688982748706,inf,inf,0.04248881312593222,inf,0.08354061846345195,inf,inf,inf,inf,inf,inf,inf,inf,inf,inf,inf,inf,inf,inf,inf,inf,inf,inf,inf,inf,inf,inf,inf,inf,inf,inf,inf,inf,inf,inf,inf,inf,inf,inf,inf,inf,inf,inf,inf,inf,inf,inf,inf,inf,inf,inf,inf,inf,inf,inf,inf,inf,inf,inf,inf,inf,inf
inf,inf,inf,inf,0.023809523809523725,inf,inf,inf,inf,inf,inf,inf,inf,inf,inf,inf,inf,inf,inf,inf,inf,inf,inf,inf,inf,inf,inf,inf,inf,inf,inf,0.0,inf,inf,inf,inf,inf,inf,inf,inf,inf,inf,inf,inf,inf,inf,inf,0.033935689609354225,inf,inf,inf,inf,inf,inf,inf,inf,inf,0.04329004329004327,inf,inf,inf,0.06999999999999995,0.02116257947320621,inf,0.027710843373493943,0.06218487394957983,0.02291494632535085,0.050877192982456076,0.033333333333333326,0.028368794326241176,inf,0.03596059113300487,inf,0.06680497925311202,0.03236330418895994,0.027305096675361296,0.03181818181818186,0.031168831168831068,0.06153846153846154,0.0636363636363636,inf,inf,inf,inf,inf,inf,inf,inf,0.040902605934081904,inf,inf,inf,inf,inf,inf,inf,inf,inf,inf,inf
inf,0.022326674500587562,inf,inf,inf,inf,0.02483940894536929,0.017491254372813514,0.03563612141973549,0.022075222075222056,0.021505376344086113,inf,inf,0.016440704378993254,inf,0.03823335530652605,inf,inf,0.01899880232690776,inf,inf,inf,inf,inf,inf,inf,inf,inf,0.019406392694063856,inf,inf,inf,0.0,inf,inf,0.01477805231319762,inf,inf,0.03798560173865795,inf,inf,inf,inf,inf,inf,inf,inf,inf,inf,inf,inf,inf,inf,inf,inf,inf,inf,inf,inf,inf,inf,inf,inf,inf,inf,inf,inf,inf,inf,inf,inf,inf,inf,inf,inf,inf,inf,inf,inf,inf,inf,inf,inf,inf,inf,inf,inf,inf,inf,inf,inf,inf,inf,inf,inf,inf,inf,inf,inf,inf
0.06069118147769825,inf,0.03336720867208676,0.025621946077337032,inf,inf,inf,inf,inf,inf,inf,0.06490755334112897,0.07623029352843824,inf,inf,inf,0.06454326160096491,0.08225295303946989,inf,inf,0.03336720867208676,0.03336720867208676,0.03336720867208676,0.03336720867208676,inf,0.0564373897707231,0.03336720867208676,0.053912872067809925,inf,0.029629214741794585,0.08115202257565857,inf,inf,0.0,0.03336720867208676,inf,inf,0.03336720867208676,inf,inf,0.03866320944972634,inf,0.03336720867208676,inf,inf,inf,inf,inf,inf,inf,inf,inf,inf,inf,inf,inf,inf,inf,inf,inf,inf,inf,inf,inf,inf,inf,inf,inf,inf,inf,inf,inf,inf,inf,inf,inf,inf,inf,inf,inf,inf,inf,inf,inf,inf,inf,inf,inf,inf,inf,inf,inf,inf,inf,inf,inf,inf,inf,inf,inf
0.03466226510919246,inf,0.0159756934235028,0.025326797385620936,inf,inf,inf,inf,inf,inf,inf,0.03887863697262317,0.05020137715993245,inf,inf,inf,0.03851434523245911,0.056224036670964095,inf,inf,0.02475032566217983,0.03029025230163751,0.027772426635844005,0.03002235707441714,inf,0.0564373897707231,0.018233618233618243,0.02788395569930413,inf,0.022428494806090438,0.05512310620715277,inf,inf,0.03336720867208676,0.0,inf,inf,0.03403048564338884,inf,inf,0.020976728941330736,inf,0.028417512256299182,inf,inf,inf,inf,inf,inf,inf,inf,inf,inf,inf,inf,inf,inf,inf,inf,inf,inf,inf,inf,inf,inf,inf,inf,inf,inf,inf,inf,inf,inf,inf,inf,inf,inf,inf,inf,inf,inf,inf,inf,inf,inf,inf,inf,inf,inf,inf,inf,inf,inf,inf,inf,inf,inf,inf,inf,inf
inf,0.020314547837483654,inf,inf,inf,inf,0.02483940894536929,0.017251051893408142,0.03183370154649534,0.021622344304535912,0.021505376344086113,inf,inf,0.01993989945797181,inf,0.0328279499011207,inf,inf,0.017714285714285793,inf,inf,inf,inf,inf,inf,inf,inf,inf,0.017564686221402614,inf,inf,inf,0.01477805231319762,inf,inf,0.0,inf,inf,0.03798560173865795,inf,inf,inf,inf,inf,inf,inf,inf,inf,inf,inf,inf,inf,inf,inf,inf,inf,inf,inf,inf,inf,inf,inf,inf,inf,inf,inf,inf,inf,inf,inf,inf,inf,inf,inf,inf,inf,inf,inf,inf,inf,inf,inf,inf,inf,inf,inf,inf,inf,inf,inf,inf,inf,inf,inf,inf,inf,inf,inf,inf,inf
inf,inf,inf,inf,inf,0.061111111111111116,inf,inf,inf,inf,inf,inf,inf,inf,0.039177983415454865,inf,inf,inf,inf,0.036111111111111094,inf,inf,inf,inf,0.05126262626262623,inf,inf,inf,inf,inf,inf,inf,inf,inf,inf,inf,0.0,inf,inf,0.018899700598802416,inf,0.05451907131011602,inf,0.03396715643906656,0.053680522920493856,0.040365284509064736,0.037186379928315416,inf,0.02796052631578949,0.025302809865203613,0.04034391534391535,0.05545843045843046,0.06567489114658931,0.0597913322632424,0.055505617977528066,0.029233870967741993,0.05111983711460144,inf,0.061041083099906635,0.060915659796256794,0.06412529550827417,inf,inf,0.0728811835883878,inf,inf,inf,inf,inf,inf,0.07911217535457726,inf,0.05109582059123341,inf,inf,inf,inf,inf,inf,inf,inf,inf,inf,inf,inf,inf,inf,inf,inf,inf,inf,inf,inf,inf,inf,inf,inf,inf,inf,inf
0.03847884788478839,inf,0.03629930546455251,0.020238095238095277,inf,inf,inf,inf,inf,inf,inf,0.042695219748219104,0.05401795993552838,inf,inf,inf,0.042330928008055047,0.06004061944656003,inf,inf,0.022295952222959547,0.02879511677282376,0.038461538461538436,0.02168367346938771,inf,0.0564373897707231,0.03678929765886285,0.03444316877152698,inf,0.03083333333333338,0.058939688982748706,inf,inf,0.03336720867208676,0.03403048564338884,inf,inf,0.0,inf,inf,0.028018339276617454,inf,0.02472527472527475,inf,inf,inf,inf,inf,inf,inf,inf,inf,inf,inf,inf,inf,inf,inf,inf,inf,inf,inf,inf,inf,inf,inf,inf,inf,inf,inf,inf,inf,inf,inf,inf,inf,inf,inf,inf,inf,inf,inf,inf,inf,inf,inf,inf,inf,inf,inf,inf,inf,inf,inf,inf,inf,inf,inf,inf,inf
inf,0.02232509082386025,inf,inf,inf,inf,0.026747608535687917,0.03798560173865795,0.03798560173865795,0.01898839137645103,0.03351254480286725,inf,inf,0.03798560173865795,inf,0.03798560173865795,inf,inf,0.03798560173865795,inf,inf,inf,inf,inf,inf,inf,inf,inf,0.03798560173865795,inf,inf,inf,0.03798560173865795,inf,inf,0.03798560173865795,inf,inf,0.0,inf,inf,inf,inf,inf,inf,inf,inf,inf,inf,inf,inf,inf,inf,inf,inf,inf,inf,inf,inf,inf,inf,inf,inf,inf,inf,inf,inf,inf,inf,inf,inf,inf,inf,inf,inf,inf,inf,inf,inf,inf,inf,inf,inf,inf,inf,inf,inf,inf,inf,inf,inf,inf,inf,inf,inf,inf,inf,inf,inf,inf
inf,inf,inf,inf,inf,0.07009803921568625,inf,inf,inf,inf,inf,inf,inf,inf,0.039177983415454865,inf,inf,inf,inf,0.045098039215686225,inf,inf,inf,inf,0.06024955436720136,inf,inf,inf,inf,inf,inf,inf,inf,inf,inf,inf,0.018899700598802416,inf,inf,0.0,inf,0.06350599941469115,inf,0.03135771332492643,0.051071079806353725,0.04935221261363987,0.04617330803289055,inf,0.03234649122807021,0.029685310230602613,0.04933084344849048,0.0644453585630056,0.07692307692307698,0.06094885506650205,0.060413354531001495,0.023916892140160906,0.06010676521917657,inf,0.07002801120448177,0.06990258790083193,0.0731122236128493,inf,inf,0.07290651067056653,inf,inf,inf,inf,inf,inf,0.07650273224043713,inf,0.06008274869580854,inf,inf,inf,inf,inf,inf,inf,inf,inf,inf,inf,inf,inf,inf,inf,inf,inf,inf,inf,inf,inf,inf,inf,inf,inf,inf,inf
0.02202797202797191,inf,0.02860998650472335,0.01880530973451333,inf,inf,inf,inf,inf,inf,inf,0.036601307189542465,0.0375670840787119,inf,inf,inf,0.025880052151238564,0.043589743589743546,inf,inf,0.03002481389578171,0.037889383343928884,0.040406719717064554,0.02487725040916533,inf,0.0564373897707231,0.023309946888728672,0.020976728941330736,inf,0.020976728941330736,0.04248881312593222,inf,inf,0.03866320944972634,0.020976728941330736,inf,inf,0.028018339276617454,inf,inf,0.0,inf,0.04105180533751973,inf,inf,inf,inf,inf,inf,inf,inf,inf,inf,inf,inf,inf,inf,inf,inf,inf,inf,inf,inf,inf,inf,inf,inf,inf,inf,inf,inf,inf,inf,inf,inf,inf,inf,inf,inf,inf,inf,inf,inf,inf,inf,inf,inf,inf,inf,inf,inf,inf,inf,inf,inf,inf,inf,inf,inf,inf
inf,inf,inf,inf,inf,0.021322778345250204,inf,inf,inf,inf,inf,inf,inf,inf,0.04389815627743632,inf,inf,inf,inf,0.018407960199004925,inf,inf,inf,inf,0.037878787878787956,inf,inf,inf,inf,inf,inf,inf,inf,inf,inf,inf,0.05451907131011602,inf,inf,0.06350599941469115,inf,0.0,inf,0.040247040658775046,0.041508238276299125,0.024390243902439046,0.03409090909090917,inf,0.048190190618976225,0.03385511467054969,0.016816758658532716,0.03308207705192634,0.07692307692307698,0.04761904761904767,0.043333333333333335,0.039589107274530244,0.01604239256678286,inf,0.023989898989899006,0.04761904761904767,0.018265399938706794,inf,inf,0.06070889894419307,inf,inf,inf,inf,inf,inf,0.06693989071038253,inf,0.02604166666666674,inf,inf,inf,inf,inf,inf,inf,inf,inf,inf,inf,inf,inf,inf,inf,inf,inf,inf,inf,inf,inf,inf,inf,inf,inf,inf,inf
0.06307977736549164,inf,0.021603856266432908,0.02801054196513042,inf,inf,inf,inf,inf,inf,inf,0.06729614922892235,0.07861888941623163,inf,inf,inf,0.0669318574887583,0.08464154892726328,inf,inf,0.023921200750469107,0.034075915186105754,0.024251439666103103,0.02817531305903409,inf,0.0564373897707231,0.028231292517006845,0.05630146795560331,inf,0.031047444283304304,0.08354061846345195,inf,inf,0.03336720867208676,0.028417512256299182,inf,inf,0.02472527472527475,inf,inf,0.04105180533751973,inf,0.0,inf,inf,inf,inf,inf,inf,inf,inf,inf,inf,inf,inf,inf,inf,inf,inf,inf,inf,inf,inf,inf,inf,inf,inf,inf,inf,inf,inf,inf,inf,inf,inf,inf,inf,inf,inf,inf,inf,inf,inf,inf,inf,inf,inf,inf,inf,inf,inf,inf,inf,inf,inf,inf,inf,inf,inf,inf
inf,inf,inf,inf,inf,0.046839080459770144,inf,inf,inf,inf,inf,inf,inf,inf,0.039177983415454865,inf,inf,inf,inf,0.02183908045977012,inf,inf,inf,inf,0.03699059561128526,inf,inf,inf,inf,inf,inf,inf,inf,inf,inf,inf,0.03396715643906656,inf,inf,0.03135771332492643,inf,0.040247040658775046,inf,0.0,0.021472458460592092,0.026093253857723764,0.022914349276974444,inf,0.036050156739811934,0.027863570502554724,0.026071884692574376,0.04118639980708949,0.059935897435897445,0.037689896310585946,0.03715439577508539,0.027920739410865147,0.03684780646326047,inf,0.04676905244856566,0.04664362914491582,0.0498532648569332,inf,inf,0.04964755191465042,inf,inf,inf,inf,inf,inf,0.04909953929917632,inf,0.03682378993989244,inf,inf,inf,inf,inf,inf,inf,inf,inf,inf,inf,inf,inf,inf,inf,inf,inf,inf,inf,inf,inf,inf,inf,inf,inf,inf,inf
inf,inf,inf,inf,inf,0.03622368543077059,inf,inf,inf,inf,inf,inf,inf,inf,0.05621412062924025,inf,inf,inf,inf,0.031945396746244414,inf,inf,inf,inf,0.02319749216300937,inf,inf,inf,inf,inf,inf,inf,inf,inf,inf,inf,0.053680522920493856,inf,inf,0.051071079806353725,inf,0.041508238276299125,inf,0.021472458460592092,0.0,0.0360969828650437,0.04233332078454988,inf,0.043441830486625865,0.028377713055290243,0.027140422184345092,0.0273932963588136,0.07692307692307698,0.023896792862310057,0.023361292326809502,0.04471336648142732,0.0335517893650763,inf,0.052849461155983546,0.03285052569663993,0.03606016140865731,inf,inf,0.03585444846637453,inf,inf,inf,inf,inf,inf,0.03530643585090043,inf,0.023030686491616548,inf,inf,inf,inf,inf,inf,inf,inf,inf,inf,inf,inf,inf,inf,inf,inf,inf,inf,inf,inf,inf,inf,inf,inf,inf,inf,inf
inf,inf,inf,inf,inf,0.021847690387016283,inf,inf,inf,inf,inf,inf,inf,inf,0.039177983415454865,inf,inf,inf,inf,0.02195121951219514,inf,inf,inf,inf,0.032467532467532534,inf,inf,inf,inf,inf,inf,inf,inf,inf,inf,inf,0.040365284509064736,inf,inf,0.04935221261363987,inf,0.024390243902439046,inf,0.026093253857723764,0.0360969828650437,0.0,0.03409090909090917,inf,0.04396662387676509,0.01970132786949841,0.024390243902439046,0.027670821640670917,0.07223264540337715,0.04220779220779225,0.03792207792207791,0.03629032258064513,0.0241724738675958,inf,0.0206757985908419,0.04220779220779225,0.023760010999209435,inf,inf,0.055297643532937646,inf,inf,inf,inf,inf,inf,0.06152863529912711,inf,0.02163076375289308,inf,inf,inf,inf,inf,inf,inf,inf,inf,inf,inf,inf,inf,inf,inf,inf,inf,inf,inf,inf,inf,inf,inf,inf,inf,inf,inf
inf,inf,inf,inf,inf,0.03409090909090917,inf,inf,inf,inf,inf,inf,inf,inf,0.039177983415454865,inf,inf,inf,inf,0.03409090909090917,inf,inf,inf,inf,0.03870387038703871,inf,inf,inf,inf,inf,inf,inf,inf,inf,inf,inf,0.037186379928315416,inf,inf,0.04617330803289055,inf,0.03409090909090917,inf,0.022914349276974444,0.04233332078454988,0.03409090909090917,0.0,inf,0.042543663233318374,0.029644268774703608,0.03309593632174279,0.039741374505323,0.04895104895104896,0.048444130127298424,0.04415841584158409,0.03436537526341377,0.03409090909090917,inf,0.028181818181818197,0.048444130127298424,0.03409090909090917,inf,inf,0.06153398145244382,inf,inf,inf,inf,inf,inf,0.06776497321863328,inf,0.03409090909090917,inf,inf,inf,inf,inf,inf,inf,inf,inf,inf,inf,inf,inf,inf,inf,inf,inf,inf,inf,inf,inf,inf,inf,inf,inf,inf,inf
inf,inf,inf,inf,0.033935689609354225,inf,inf,inf,inf,inf,inf,inf,inf,inf,inf,inf,inf,inf,inf,inf,inf,inf,inf,inf,inf,inf,inf,inf,inf,inf,inf,0.033935689609354225,inf,inf,inf,inf,inf,inf,inf,inf,inf,inf,inf,inf,inf,inf,inf,0.0,inf,inf,inf,inf,inf,inf,inf,inf,inf,0.026234567901234573,inf,inf,inf,0.05771929824561406,0.02944942381562088,inf,0.03499132446500863,0.04990417219519394,0.02733686067019403,0.038596491228070184,0.04380426203630616,0.03753026634382561,inf,0.033935689609354225,inf,0.054524277498726126,0.031795076248380405,0.03352685050798265,0.05485398579321232,0.033935689609354225,0.04925775978407565,0.05135566188197771,inf,inf,inf,inf,inf,inf,inf,inf,0.03746654772524527,inf,inf,inf,inf,inf,inf,inf,inf,inf,inf,inf
inf,inf,inf,inf,inf,0.039743589743589824,inf,inf,inf,inf,inf,inf,inf,inf,0.05326485693323557,inf,inf,inf,inf,0.05079217148182669,inf,inf,inf,inf,0.037914230019493234,inf,inf,inf,inf,inf,inf,inf,inf,inf,inf,inf,0.02796052631578949,inf,inf,0.03234649122807021,inf,0.048190190618976225,inf,0.036050156739811934,0.043441830486625865,0.04396662387676509,0.042543663233318374,inf,0.0,0.047279542468506075,0.05331215970961889,0.03409090909090917,0.045883940620782715,0.05331215970961889,0.04741379310344829,0.03234649122807021,0.05331215970961889,inf,0.04027113237639557,0.04583151462243562,0.050420665955681954,inf,inf,0.049421675120946196,inf,inf,inf,inf,inf,inf,0.05565266688713566,inf,0.050847054344722586,inf,inf,inf,inf,inf,inf,inf,inf,inf,inf,inf,inf,inf,inf,inf,inf,inf,inf,inf,inf,inf,inf,inf,inf,inf,inf,inf
inf,inf,inf,inf,inf,0.04044715447154479,inf,inf,inf,inf,inf,inf,inf,inf,0.031848242255482107,inf,inf,inf,inf,0.019551323855484526,inf,inf,inf,inf,0.030598669623059904,inf,inf,inf,inf,inf,inf,inf,inf,inf,inf,inf,0.025302809865203613,inf,inf,0.029685310230602613,inf,0.03385511467054969,inf,0.027863570502554724,0.028377713055290243,0.01970132786949841,0.029644268774703608,inf,0.047279542468506075,0.0,0.01967995870434902,0.034794473818864136,0.06797853309481217,0.03448852239803879,0.030762469786860036,0.044269045984900446,0.030455880475035113,inf,0.04037712646034031,0.040251703156690466,0.043461338868707844,inf,inf,0.047578373723184186,inf,inf,inf,inf,inf,inf,0.05380936548937365,inf,0.030431863951667082,inf,inf,inf,inf,inf,inf,inf,inf,inf,inf,inf,inf,inf,inf,inf,inf,inf,inf,inf,inf,inf,inf,inf,inf,inf,inf,inf
inf,inf,inf,inf,inf,0.026821312069590375,inf,inf,inf,inf,inf,inf,inf,inf,0.029723000311235648,inf,inf,inf,inf,0.017857142857142794,inf,inf,inf,inf,0.027235695339143606,inf,inf,inf,inf,inf,inf,inf,inf,inf,inf,inf,0.04034391534391535,inf,inf,0.04933084344849048,inf,0.016816758658532716,inf,0.026071884692574376,0.027140422184345092,0.024390243902439046,0.03309593632174279,inf,0.05331215970961889,0.01967995870434902,0.0,0.024530811290084276,0.07134894091415833,0.03325123152709364,0.0289655172413793,0.04838709677419356,0.016816758658532716,inf,0.025709038971638454,0.03325123152709364,0.023781380164358823,inf,inf,0.046341082852239035,inf,inf,inf,inf,inf,inf,0.0525720746184285,inf,0.021444587206812304,inf,inf,inf,inf,inf,inf,inf,inf,inf,inf,inf,inf,inf,inf,inf,inf,inf,inf,inf,inf,inf,inf,inf,inf,inf,inf,inf
inf,inf,inf,inf,inf,0.033466750253170585,inf,inf,inf,inf,inf,inf,inf,inf,0.047787959404867464,inf,inf,inf,inf,0.024029174058742386,inf,inf,inf,inf,0.027240143369175684,inf,inf,inf,inf,inf,inf,inf,inf,inf,inf,inf,0.05545843045843046,inf,inf,0.0644453585630056,inf,0.03308207705192634,inf,0.04118639980708949,0.0273932963588136,0.027670821640670917,0.039741374505323,inf,0.03409090909090917,0.034794473818864136,0.024530811290084276,0.0,0.06283029947152086,0.024530811290084276,0.018679534790633445,0.04052846642284469,0.025125628140703515,inf,0.04442329993161076,0.019054318571078976,0.024944030979609177,inf,inf,0.02762682189226673,inf,inf,inf,inf,inf,inf,0.03385781365845619,inf,0.02022595206623934,inf,inf,inf,inf,inf,inf,inf,inf,inf,inf,inf,inf,inf,inf,inf,inf,inf,inf,inf,inf,inf,inf,inf,inf,inf,inf,inf
inf,inf,inf,inf,inf,0.07692307692307698,inf,inf,inf,inf,inf,inf,inf,inf,0.07402031930333819,inf,inf,inf,inf,0.06993006993007,inf,inf,inf,inf,0.07692307692307698,inf,inf,inf,inf,inf,inf,inf,inf,inf,inf,inf,0.06567489114658931,inf,inf,0.07692307692307698,inf,0.07692307692307698,inf,0.059935897435897445,0.07692307692307698,0.07223264540337715,0.04895104895104896,inf,0.045883940620782715,0.06797853309481217,0.07134894091415833,0.06283029947152086,0.0,0.06305114638447973,0.07567663817663828,0.06947890818858571,0.07692307692307698,inf,0.07285665875974257,0.07376185458377238,0.07692307692307698,inf,inf,0.07614099770962512,inf,inf,inf,inf,inf,inf,0.08237198947581459,inf,0.06593406593406592,inf,inf,inf,inf,inf,inf,inf,inf,inf,inf,inf,inf,inf,inf,inf,inf,inf,inf,inf,inf,inf,inf,inf,inf,inf,inf,inf
inf,inf,inf,inf,inf,0.04233449477351914,inf,inf,inf,inf,inf,inf,inf,inf,0.062324929971988796,inf,inf,inf,inf,0.03805620608899296,inf,inf,inf,inf,0.026600985221674867,inf,inf,inf,inf,inf,inf,inf,inf,inf,inf,inf,0.0597913322632424,inf,inf,0.06094885506650205,inf,0.04761904761904767,inf,0.037689896310585946,0.023896792862310057,0.04220779220779225,0.048444130127298424,inf,0.05331215970961889,0.03448852239803879,0.03325123152709364,0.024530811290084276,0.06305114638447973,0.0,0.02284119389382555,0.050824175824175866,0.03966259870782485,inf,0.05896027049873209,0.02041742286751369,0.034708249496981924,inf,inf,0.02982792946530144,inf,inf,inf,inf,inf,inf,0.02284119389382555,inf,0.02284119389382555,inf,inf,inf,inf,inf,inf,inf,inf,inf,inf,inf,inf,inf,inf,inf,inf,inf,inf,inf,inf,inf,inf,inf,inf,inf,inf,inf
inf,inf,inf,inf,inf,0.0380487804878048,inf,inf,inf,inf,inf,inf,inf,inf,0.05803921568627446,inf,inf,inf,inf,0.033770491803278624,inf,inf,inf,inf,0.02323232323232327,inf,inf,inf,inf,inf,inf,inf,inf,inf,inf,inf,0.055505617977528066,inf,inf,0.060413354531001495,inf,0.043333333333333335,inf,0.03715439577508539,0.023361292326809502,0.03792207792207791,0.04415841584158409,inf,0.04741379310344829,0.030762469786860036,0.0289655172413793,0.018679534790633445,0.07567663817663828,0.02284119389382555,0.0,0.04653846153846153,0.03537688442211051,inf,0.054674556213017755,0.01559294107894138,0.030422535211267587,inf,inf,0.021122399087303734,inf,inf,inf,inf,inf,inf,0.023606557377049198,inf,0.02033172819689677,inf,inf,inf,inf,inf,inf,inf,inf,inf,inf,inf,inf,inf,inf,inf,inf,inf,inf,inf,inf,inf,inf,inf,inf,inf,inf,inf
inf,inf,inf,inf,inf,0.04618114707552534,inf,inf,inf,inf,inf,inf,inf,inf,0.04214138641043241,inf,inf,inf,inf,0.04089697638084744,inf,inf,inf,inf,0.04108391608391615,inf,inf,inf,inf,inf,inf,inf,inf,inf,inf,inf,0.029233870967741993,inf,inf,0.023916892140160906,inf,0.039589107274530244,inf,0.027920739410865147,0.04471336648142732,0.03629032258064513,0.03436537526341377,inf,0.03234649122807021,0.044269045984900446,0.04838709677419356,0.04052846642284469,0.06947890818858571,0.050824175824175866,0.04653846153846153,0.0,0.04838709677419356,inf,0.04611111906432086,0.050824175824175866,0.0491953314726884,inf,inf,0.06391402714932126,inf,inf,inf,inf,inf,inf,0.07014501891551073,inf,0.044795611858430284,inf,inf,inf,inf,inf,inf,inf,inf,inf,inf,inf,inf,inf,inf,inf,inf,inf,inf,inf,inf,inf,inf,inf,inf,inf,inf,inf
inf,inf,inf,inf,inf,0.025909090909090993,inf,inf,inf,inf,inf,inf,inf,inf,0.04049892208192174,inf,inf,inf,inf,0.019533733663016584,inf,inf,inf,inf,0.029922338967565132,inf,inf,inf,inf,inf,inf,inf,inf,inf,inf,inf,0.05111983711460144,inf,inf,0.06010676521917657,inf,0.01604239256678286,inf,0.03684780646326047,0.0335517893650763,0.0241724738675958,0.03409090909090917,inf,0.05331215970961889,0.030455880475035113,0.016816758658532716,0.025125628140703515,0.07692307692307698,0.03966259870782485,0.03537688442211051,0.04838709677419356,0.0,inf,0.024621212121212155,0.03966259870782485,0.02648609858385287,inf,inf,0.052752450032970244,inf,inf,inf,inf,inf,inf,0.05898344179915971,inf,0.018085217755443916,inf,inf,inf,inf,inf,inf,inf,inf,inf,inf,inf,inf,inf,inf,inf,inf,inf,inf,inf,inf,inf,inf,inf,inf,inf,inf,inf
inf,inf,inf,inf,0.0336206896551724,inf,inf,inf,inf,inf,inf,inf,inf,inf,inf,inf,inf,inf,inf,inf,inf,inf,inf,inf,inf,inf,inf,inf,inf,inf,inf,0.04329004329004327,inf,inf,inf,inf,inf,inf,inf,inf,inf,inf,inf,inf,inf,inf,inf,0.026234567901234573,inf,inf,inf,inf,inf,inf,inf,inf,inf,0.0,inf,inf,inf,0.08395348837209304,0.034566301742566585,inf,0.054471843945528176,0.07613836232167293,0.03570404359047896,0.06483068135454917,0.0632847815168257,0.057010785824345156,inf,0.049914079505097964,inf,0.08075846762520511,0.0404790176373484,0.0395733230828369,0.07433450527373187,0.031594618438464894,0.07549194991055463,0.0775898520084567,inf,inf,inf,inf,inf,inf,inf,inf,0.03696718219539796,inf,inf,inf,inf,inf,inf,inf,inf,inf,inf,inf
inf,inf,inf,inf,inf,0.018915349004219095,inf,inf,inf,inf,inf,inf,inf,inf,0.050420168067226934,inf,inf,inf,inf,0.02492997198879554,inf,inf,inf,inf,0.04922001075847238,inf,inf,inf,inf,inf,inf,inf,inf,inf,inf,inf,0.061041083099906635,inf,inf,0.07002801120448177,inf,0.023989898989899006,inf,0.04676905244856566,0.052849461155983546,0.0206757985908419,0.028181818181818197,inf,0.04027113237639557,0.04037712646034031,0.025709038971638454,0.04442329993161076,0.07285665875974257,0.05896027049873209,0.054674556213017755,0.04611111906432086,0.024621212121212155,inf,0.0,0.05896027049873209,0.024252021001750168,inf,inf,0.07205012182387749,inf,inf,inf,inf,inf,inf,0.07828111359006695,inf,0.03738288954635116,inf,inf,inf,inf,inf,inf,inf,inf,inf,inf,inf,inf,inf,inf,inf,inf,inf,inf,inf,inf,inf,inf,inf,inf,inf,inf,inf
inf,inf,inf,inf,inf,0.04233449477351914,inf,inf,inf,inf,inf,inf,inf,inf,0.062324929971988796,inf,inf,inf,inf,0.03805620608899296,inf,inf,inf,inf,0.028496729387062825,inf,inf,inf,inf,inf,inf,inf,inf,inf,inf,inf,0.060915659796256794,inf,inf,0.06990258790083193,inf,0.04761904761904767,inf,0.04664362914491582,0.03285052569663993,0.04220779220779225,0.048444130127298424,inf,0.04583151462243562,0.040251703156690466,0.03325123152709364,0.019054318571078976,0.07376185458377238,0.02041742286751369,0.01559294107894138,0.050824175824175866,0.03966259870782485,inf,0.05896027049873209,0.0,0.034708249496981924,inf,inf,0.026723384860799948,inf,inf,inf,inf,inf,inf,0.01932084309133486,inf,0.02157738095238093,inf,inf,inf,inf,inf,inf,inf,inf,inf,inf,inf,inf,inf,inf,inf,inf,inf,inf,inf,inf,inf,inf,inf,inf,inf,inf,inf
inf,inf,inf,inf,inf,0.028301784337362523,inf,inf,inf,inf,inf,inf,inf,inf,0.05350438047559447,inf,inf,inf,inf,0.028014184397163078,inf,inf,inf,inf,0.02851556548677059,inf,inf,inf,inf,inf,inf,inf,inf,inf,inf,inf,0.06412529550827417,inf,inf,0.0731122236128493,inf,0.018265399938706794,inf,0.0498532648569332,0.03606016140865731,0.023760010999209435,0.03409090909090917,inf,0.050420665955681954,0.043461338868707844,0.023781380164358823,0.024944030979609177,0.07692307692307698,0.034708249496981924,0.030422535211267587,0.0491953314726884,0.02648609858385287,inf,0.024252021001750168,0.034708249496981924,0.0,inf,inf,0.04779810082212732,inf,inf,inf,inf,inf,inf,0.054029092588316785,inf,0.022153209109730954,inf,inf,inf,inf,inf,inf,inf,inf,inf,inf,inf,inf,inf,inf,inf,inf,inf,inf,inf,inf,inf,inf,inf,inf,inf,inf,inf
inf,inf,inf,inf,0.05917197452229295,inf,inf,inf,inf,inf,inf,inf,inf,inf,inf,inf,inf,inf,inf,inf,inf,inf,inf,inf,inf,inf,inf,inf,inf,inf,inf,0.06999999999999995,inf,inf,inf,inf,inf,inf,inf,inf,inf,inf,inf,inf,inf,inf,inf,0.05771929824561406,inf,inf,inf,inf,inf,inf,inf,inf,inf,0.08395348837209304,inf,inf,inf,0.0,0.04938718662952646,inf,0.04228915662650601,0.03676470588235292,0.05196721311475405,0.03676470588235292,0.036666666666666625,0.057102177554438804,inf,0.03676470588235292,inf,0.03676470588235292,0.04707492302429006,0.044380165289256146,0.038181818181818095,0.05962264150943397,0.031354051054383936,0.029472784964608256,inf,inf,inf,inf,inf,inf,inf,inf,0.052608695652173854,inf,inf,inf,inf,inf,inf,inf,inf,inf,inf,inf
inf,inf,inf,inf,0.022841898492248824,inf,inf,inf,inf,inf,inf,inf,inf,inf,inf,inf,inf,inf,inf,inf,inf,inf,inf,inf,inf,inf,inf,inf,inf,inf,inf,0.02116257947320621,inf,inf,inf,inf,inf,inf,inf,inf,inf,inf,inf,inf,inf,inf,inf,0.02944942381562088,inf,inf,inf,inf,inf,inf,inf,inf,inf,0.034566301742566585,inf,inf,inf,0.04938718662952646,0.0,inf,0.028562753036437183,0.04157206057910634,0.02440803501290545,0.030264379611982584,0.03737569060773471,0.031101694915254163,inf,0.030120481927710885,inf,0.046192165882638525,0.023656992899042883,0.024678208932655377,0.04842541436464087,0.029583895085182,0.04092564816798805,0.04302355026589011,inf,inf,inf,inf,inf,inf,inf,inf,0.03542539213270923,inf,inf,inf,inf,inf,inf,inf,inf,inf,inf,inf
inf,inf,inf,inf,inf,0.055424346098664534,inf,inf,inf,inf,inf,inf,inf,inf,0.07541478129713419,inf,inf,inf,inf,0.05114605741413836,inf,inf,inf,inf,0.026072831205148805,inf,inf,inf,inf,inf,inf,inf,inf,inf,inf,inf,0.0728811835883878,inf,inf,0.07290651067056653,inf,0.06070889894419307,inf,0.04964755191465042,0.03585444846637453,0.055297643532937646,0.06153398145244382,inf,0.049421675120946196,0.047578373723184186,0.046341082852239035,0.02762682189226673,0.07614099770962512,0.02982792946530144,0.021122399087303734,0.06391402714932126,0.052752450032970244,inf,0.07205012182387749,0.026723384860799948,0.04779810082212732,inf,inf,0.0,inf,inf,inf,inf,inf,inf,0.02099063726970707,inf,0.03466723227752633,inf,inf,inf,inf,inf,inf,inf,inf,inf,inf,inf,inf,inf,inf,inf,inf,inf,inf,inf,inf,inf,inf,inf,inf,inf,inf,inf
inf,inf,inf,inf,0.03499132446500863,inf,inf,inf,inf,inf,inf,inf,inf,inf,inf,inf,inf,inf,inf,inf,inf,inf,inf,inf,inf,inf,inf,inf,inf,inf,inf,0.027710843373493943,inf,inf,inf,inf,inf,inf,inf,inf,inf,inf,inf,inf,inf,inf,inf,0.03499132446500863,inf,inf,inf,inf,inf,inf,inf,inf,inf,0.054471843945528176,inf,inf,inf,0.04228915662650601,0.028562753036437183,inf,0.0,0.03447403057608589,0.023865546218487466,0.023166349608962133,0.029246794871794934,0.02083333333333337,inf,0.026545205211088163,inf,0.039094135879618075,0.04424352019288724,0.0391853126792886,0.01986266132820369,0.042350631824315976,0.0338276181649676,0.03592552026286966,inf,inf,inf,inf,inf,inf,inf,inf,0.0373970757401465,inf,inf,inf,inf,inf,inf,inf,inf,inf,inf,inf
inf,inf,inf,inf,0.05135684847187283,inf,inf,inf,inf,inf,inf,inf,inf,inf,inf,inf,inf,inf,inf,inf,inf,inf,inf,inf,inf,inf,inf,inf,inf,inf,inf,0.06218487394957983,inf,inf,inf,inf,inf,inf,inf,inf,inf,inf,inf,inf,inf,inf,inf,0.04990417219519394,inf,inf,inf,inf,inf,inf,inf,inf,inf,0.07613836232167293,inf,inf,inf,0.03676470588235292,0.04157206057910634,inf,0.03447403057608589,0.0,0.044152087064333934,0.023809523809523836,0.03320471990854157,0.049287051504018686,inf,0.03735255570117957,inf,0.016695451928612548,0.041610922438338305,0.03656503923883603,0.030366692131397977,0.054978354978354904,0.018811615328551134,0.02258350576411461,inf,inf,inf,inf,inf,inf,inf,inf,0.044793569601753735,inf,inf,inf,inf,inf,inf,inf,inf,inf,inf,inf
inf,inf,inf,inf,0.034110097939885065,inf,inf,inf,inf,inf,inf,inf,inf,inf,inf,inf,inf,inf,inf,inf,inf,inf,inf,inf,inf,inf,inf,inf,inf,inf,inf,0.02291494632535085,inf,inf,inf,inf,inf,inf,inf,inf,inf,inf,inf,inf,inf,inf,inf,0.02733686067019403,inf,inf,inf,inf,inf,inf,inf,inf,inf,0.03570404359047896,inf,inf,inf,0.05196721311475405,0.02440803501290545,inf,0.023865546218487466,0.044152087064333934,0.0,0.03327128897161469,0.03456959706959706,0.02506265664160401,inf,0.02495697074010328,inf,0.04877219236786612,0.04648441655143065,0.04142620903783201,0.038630461683252904,0.032657846256908374,0.04350567465321564,0.0456035767511177,inf,inf,inf,inf,inf,inf,inf,inf,0.032539685114472805,inf,inf,inf,inf,inf,inf,inf,inf,inf,inf,inf
inf,inf,inf,inf,0.04004916750474907,inf,inf,inf,inf,inf,inf,inf,inf,inf,inf,inf,inf,inf,inf,inf,inf,inf,inf,inf,inf,inf,inf,inf,inf,inf,inf,0.050877192982456076,inf,inf,inf,inf,inf,inf,inf,inf,inf,inf,inf,inf,inf,inf,inf,0.038596491228070184,inf,inf,inf,inf,inf,inf,inf,inf,inf,0.06483068135454917,inf,inf,inf,0.03676470588235292,0.030264379611982584,inf,0.023166349608962133,0.023809523809523836,0.03327128897161469,0.0,0.03503460207612452,0.03797937053689493,inf,0.029664877999392547,inf,0.02791461412151075,0.04294230203120397,0.03788409451760533,0.031044461983688598,0.0404998344918901,0.02184217645467479,0.025614066890238263,inf,inf,inf,inf,inf,inf,inf,inf,0.03348588863462998,inf,inf,inf,inf,inf,inf,inf,inf,inf,inf,inf
inf,inf,inf,inf,0.04380426203630616,inf,inf,inf,inf,inf,inf,inf,inf,inf,inf,inf,inf,inf,inf,inf,inf,inf,inf,inf,inf,inf,inf,inf,inf,inf,inf,0.033333333333333326,inf,inf,inf,inf,inf,inf,inf,inf,inf,inf,inf,inf,inf,inf,inf,0.04380426203630616,inf,inf,inf,inf,inf,inf,inf,inf,inf,0.0632847815168257,inf,inf,inf,0.036666666666666625,0.03737569060773471,inf,0.029246794871794934,0.03320471990854157,0.03456959706959706,0.03503460207612452,0.0,0.028237978549612963,inf,0.03410876757650949,inf,0.03347164591977869,0.048139624088991195,0.04308141657539255,0.038680593986349376,0.051163569395613506,0.031005297098111506,0.035447761194029814,inf,inf,inf,inf,inf,inf,inf,inf,0.03701900801726621,inf,inf,inf,inf,inf,inf,inf,inf,inf,inf,inf
inf,inf,inf,inf,0.03753026634382561,inf,inf,inf,inf,inf,inf,inf,inf,inf,inf,inf,inf,inf,inf,inf,inf,inf,inf,inf,inf,inf,inf,inf,inf,inf,inf,0.028368794326241176,inf,inf,inf,inf,inf,inf,inf,inf,inf,inf,inf,inf,inf,inf,inf,0.03753026634382561,inf,inf,inf,inf,inf,inf,inf,inf,inf,0.057010785824345156,inf,inf,inf,0.057102177554438804,0.031101694915254163,inf,0.02083333333333337,0.049287051504018686,0.02506265664160401,0.03797937053689493,0.028237978549612963,0.0,inf,0.02726377442595762,inf,0.05390715680755087,0.034810126582278444,0.0297519190686798,0.020750770585645117,0.04488957370313296,0.048640639092900395,0.050738541190802455,inf,inf,inf,inf,inf,inf,inf,inf,0.030004706470567966,inf,inf,inf,inf,inf,inf,inf,inf,inf,inf,inf
inf,inf,inf,inf,inf,0.061655337864854,inf,inf,inf,inf,inf,inf,inf,inf,0.08164577306332366,inf,inf,inf,inf,0.05737704918032782,inf,inf,inf,inf,0.03102297512258312,inf,inf,inf,inf,inf,inf,inf,inf,inf,inf,inf,0.07911217535457726,inf,inf,0.07650273224043713,inf,0.06693989071038253,inf,0.04909953929917632,0.03530643585090043,0.06152863529912711,0.06776497321863328,inf,0.05565266688713566,0.05380936548937365,0.0525720746184285,0.03385781365845619,0.08237198947581459,0.02284119389382555,0.023606557377049198,0.07014501891551073,0.05898344179915971,inf,0.07828111359006695,0.01932084309133486,0.054029092588316785,inf,inf,0.02099063726970707,inf,inf,inf,inf,inf,inf,0.0,inf,0.04089822404371579,inf,inf,inf,inf,inf,inf,inf,inf,inf,inf,inf,inf,inf,inf,inf,inf,inf,inf,inf,inf,inf,inf,inf,inf,inf,inf,inf
inf,inf,inf,inf,0.030120481927710885,inf,inf,inf,inf,inf,inf,inf,inf,inf,inf,inf,inf,inf,inf,inf,inf,inf,inf,inf,inf,inf,inf,inf,inf,inf,inf,0.03596059113300487,inf,inf,inf,inf,inf,inf,inf,inf,inf,inf,inf,inf,inf,inf,inf,0.033935689609354225,inf,inf,inf,inf,inf,inf,inf,inf,inf,0.049914079505097964,inf,inf,inf,0.03676470588235292,0.030120481927710885,inf,0.026545205211088163,0.03735255570117957,0.02495697074010328,0.029664877999392547,0.03410876757650949,0.02726377442595762,inf,0.0,inf,0.04145764601316648,0.03786741042694697,0.03280920291334832,0.04458749387534433,0.030120481927710885,0.03504267652562876,0.03657191557627715,inf,inf,inf,inf,inf,inf,inf,inf,0.031427496708670344,inf,inf,inf,inf,inf,inf,inf,inf,inf,inf,inf
inf,inf,inf,inf,inf,0.027403120848438434,inf,inf,inf,inf,inf,inf,inf,inf,0.040747549019607865,inf,inf,inf,inf,0.025311134465401897,inf,inf,inf,inf,0.03586358635863596,inf,inf,inf,inf,inf,inf,inf,inf,inf,inf,inf,0.05109582059123341,inf,inf,0.06008274869580854,inf,0.02604166666666674,inf,0.03682378993989244,0.023030686491616548,0.02163076375289308,0.03409090909090917,inf,0.050847054344722586,0.030431863951667082,0.021444587206812304,0.02022595206623934,0.06593406593406592,0.02284119389382555,0.02033172819689677,0.044795611858430284,0.018085217755443916,inf,0.03738288954635116,0.02157738095238093,0.022153209109730954,inf,inf,0.03466723227752633,inf,inf,inf,inf,inf,inf,0.04089822404371579,inf,0.0,inf,inf,inf,inf,inf,inf,inf,inf,inf,inf,inf,inf,inf,inf,inf,inf,inf,inf,inf,inf,inf,inf,inf,inf,inf,inf,inf
inf,inf,inf,inf,0.055976953775405014,inf,inf,inf,inf,inf,inf,inf,inf,inf,inf,inf,inf,inf,inf,inf,inf,inf,inf,inf,inf,inf,inf,inf,inf,inf,inf,0.06680497925311202,inf,inf,inf,inf,inf,inf,inf,inf,inf,inf,inf,inf,inf,inf,inf,0.054524277498726126,inf,inf,inf,inf,inf,inf,inf,inf,inf,0.08075846762520511,inf,inf,inf,0.03676470588235292,0.046192165882638525,inf,0.039094135879618075,0.016695451928612548,0.04877219236786612,0.02791461412151075,0.03347164591977869,0.05390715680755087,inf,0.04145764601316648,inf,0.0,0.055856195002588094,0.05079798748898945,0.03498679743493016,0.05908344529034182,0.02398684292186437,0.028509027373325613,inf,inf,inf,inf,inf,inf,inf,inf,0.04941367490528592,inf,inf,inf,inf,inf,inf,inf,inf,inf,inf,inf
inf,inf,inf,inf,0.039761727475800424,inf,inf,inf,inf,inf,inf,inf,inf,inf,inf,inf,inf,inf,inf,inf,inf,inf,inf,inf,inf,inf,inf,inf,inf,inf,inf,0.03236330418895994,inf,inf,inf,inf,inf,inf,inf,inf,inf,inf,inf,inf,inf,inf,inf,0.031795076248380405,inf,inf,inf,inf,inf,inf,inf,inf,inf,0.0404790176373484,inf,inf,inf,0.04707492302429006,0.023656992899042883,inf,0.04424352019288724,0.041610922438338305,0.04648441655143065,0.04294230203120397,0.048139624088991195,0.034810126582278444,inf,0.03786741042694697,inf,0.055856195002588094,0.0,0.016235820244328125,0.0490054249547921,0.05324088798422488,0.05354455054654916,0.048023963667987224,inf,inf,inf,inf,inf,inf,inf,inf,0.059082385031752116,inf,inf,inf,inf,inf,inf,inf,inf,inf,inf,inf
inf,inf,inf,inf,0.03470351996220178,inf,inf,inf,inf,inf,inf,inf,inf,inf,inf,inf,inf,inf,inf,inf,inf,inf,inf,inf,inf,inf,inf,inf,inf,inf,inf,0.027305096675361296,inf,inf,inf,inf,inf,inf,inf,inf,inf,inf,inf,inf,inf,inf,inf,0.03352685050798265,inf,inf,inf,inf,inf,inf,inf,inf,inf,0.0395733230828369,inf,inf,inf,0.044380165289256146,0.024678208932655377,inf,0.0391853126792886,0.03656503923883603,0.04142620903783201,0.03788409451760533,0.04308141657539255,0.0297519190686798,inf,0.03280920291334832,inf,0.05079798748898945,0.016235820244328125,0.0,0.043947217441193454,0.04818268047062624,0.04848634303295052,0.04296575615438858,inf,inf,inf,inf,inf,inf,inf,inf,0.05402417751815347,inf,inf,inf,inf,inf,inf,inf,inf,inf,inf,inf
inf,inf,inf,inf,0.05485398579321232,inf,inf,inf,inf,inf,inf,inf,inf,inf,inf,inf,inf,inf,inf,inf,inf,inf,inf,inf,inf,inf,inf,inf,inf,inf,inf,0.03181818181818186,inf,inf,inf,inf,inf,inf,inf,inf,inf,inf,inf,inf,inf,inf,inf,0.05485398579321232,inf,inf,inf,inf,inf,inf,inf,inf,inf,0.07433450527373187,inf,inf,inf,0.038181818181818095,0.04842541436464087,inf,0.01986266132820369,0.030366692131397977,0.038630461683252904,0.031044461983688598,0.038680593986349376,0.020750770585645117,inf,0.04458749387534433,inf,0.03498679743493016,0.0490054249547921,0.043947217441193454,0.0,0.062213293152519666,0.029720279720279685,0.031818181818181746,inf,inf,inf,inf,inf,inf,inf,inf,0.0373673230783339,inf,inf,inf,inf,inf,inf,inf,inf,inf,inf,inf
inf,inf,inf,inf,0.020689655172413834,inf,inf,inf,inf,inf,inf,inf,inf,inf,inf,inf,inf,inf,inf,inf,inf,inf,inf,inf,inf,inf,inf,inf,inf,inf,inf,0.031168831168831068,inf,inf,inf,inf,inf,inf,inf,inf,inf,inf,inf,inf,inf,inf,inf,0.033935689609354225,inf,inf,inf,inf,inf,inf,inf,inf,inf,0.031594618438464894,inf,inf,inf,0.05962264150943397,0.029583895085182,inf,0.042350631824315976,0.054978354978354904,0.032657846256908374,0.0404998344918901,0.051163569395613506,0.04488957370313296,inf,0.030120481927710885,inf,0.05908344529034182,0.05324088798422488,0.04818268047062624,0.062213293152519666,0.0,0.05266847580280409,0.05419771485345248,inf,inf,inf,inf,inf,inf,inf,inf,0.03590576183561778,inf,inf,inf,inf,inf,inf,inf,inf,inf,inf,inf
inf,inf,inf,inf,0.05071043606075454,inf,inf,inf,inf,inf,inf,inf,inf,inf,inf,inf,inf,inf,inf,inf,inf,inf,inf,inf,inf,inf,inf,inf,inf,inf,inf,0.06153846153846154,inf,inf,inf,inf,inf,inf,inf,inf,inf,inf,inf,inf,inf,inf,inf,0.04925775978407565,inf,inf,inf,inf,inf,inf,inf,inf,inf,0.07549194991055463,inf,inf,inf,0.031354051054383936,0.04092564816798805,inf,0.0338276181649676,0.018811615328551134,0.04350567465321564,0.02184217645467479,0.031005297098111506,0.048640639092900395,inf,0.03504267652562876,inf,0.02398684292186437,0.05354455054654916,0.04848634303295052,0.029720279720279685,0.05266847580280409,0.0,0.015601161016633891,inf,inf,inf,inf,inf,inf,inf,inf,0.044147157190635444,inf,inf,inf,inf,inf,inf,inf,inf,inf,inf,inf
inf,inf,inf,inf,0.0528083381586566,inf,inf,inf,inf,inf,inf,inf,inf,inf,inf,inf,inf,inf,inf,inf,inf,inf,inf,inf,inf,inf,inf,inf,inf,inf,inf,0.0636363636363636,inf,inf,inf,inf,inf,inf,inf,inf,inf,inf,inf,inf,inf,inf,inf,0.05135566188197771,inf,inf,inf,inf,inf,inf,inf,inf,inf,0.0775898520084567,inf,inf,inf,0.029472784964608256,0.04302355026589011,inf,0.03592552026286966,0.02258350576411461,0.0456035767511177,0.025614066890238263,0.035447761194029814,0.050738541190802455,inf,0.03657191557627715,inf,0.028509027373325613,0.048023963667987224,0.04296575615438858,0.031818181818181746,0.05419771485345248,0.015601161016633891,0.0,inf,inf,inf,inf,inf,inf,inf,inf,0.046245059288537504,inf,inf,inf,inf,inf,inf,inf,inf,inf,inf,inf
inf,inf,inf,inf,inf,inf,inf,inf,inf,inf,inf,inf,inf,inf,inf,inf,inf,inf,inf,inf,inf,inf,inf,inf,inf,inf,inf,inf,inf,inf,inf,inf,inf,inf,inf,inf,inf,inf,inf,inf,inf,inf,inf,inf,inf,inf,inf,inf,inf,inf,inf,inf,inf,inf,inf,inf,inf,inf,inf,inf,inf,inf,inf,inf,inf,inf,inf,inf,inf,inf,inf,inf,inf,inf,inf,inf,inf,inf,inf,inf,0.0,0.015871941193538963,0.05681818181818182,0.030701754385964897,0.0301828133552271,0.018239344872510777,0.02622566690699346,0.032663859194471345,inf,0.03145044485826598,0.04904729664377594,0.03601734971917925,0.02611336032388667,0.02906976744186046,0.020731558378114245,0.03414034424059009,0.019612702818809558,0.017202096149464552,0.024556537817068236,0.03989798311444648
inf,inf,inf,inf,inf,inf,inf,inf,inf,inf,inf,inf,inf,inf,inf,inf,inf,inf,inf,inf,inf,inf,inf,inf,inf,inf,inf,inf,inf,inf,inf,inf,inf,inf,inf,inf,inf,inf,inf,inf,inf,inf,inf,inf,inf,inf,inf,inf,inf,inf,inf,inf,inf,inf,inf,inf,inf,inf,inf,inf,inf,inf,inf,inf,inf,inf,inf,inf,inf,inf,inf,inf,inf,inf,inf,inf,inf,inf,inf,inf,0.015871941193538963,0.0,0.05681818181818182,0.030701754385964897,0.030696169402807505,0.03155400349214266,0.029222916330307158,0.03308610554505653,inf,0.03187269120885117,0.035454545454545405,0.027642237425997918,0.03076923076923077,0.019323416611479516,0.017872124981918147,0.035141329258976284,0.022186478219597072,0.022627616848722387,0.024978784167653423,0.041466346153846145
inf,inf,inf,inf,inf,inf,inf,inf,inf,inf,inf,inf,inf,inf,inf,inf,inf,inf,inf,inf,inf,inf,inf,inf,inf,inf,inf,inf,inf,inf,inf,inf,inf,inf,inf,inf,inf,inf,inf,inf,inf,inf,inf,inf,inf,inf,inf,inf,inf,inf,inf,inf,inf,inf,inf,inf,inf,inf,inf,inf,inf,inf,inf,inf,inf,inf,inf,inf,inf,inf,inf,inf,inf,inf,inf,inf,inf,inf,inf,inf,0.05681818181818182,0.05681818181818182,0.0,0.04021439693376461,0.05279565567176181,0.05681818181818182,0.05681818181818182,0.05681818181818182,inf,0.05681818181818182,0.0555072103431129,0.05681818181818182,0.05681818181818182,0.05681818181818182,0.048053403995108046,0.05147058823529416,0.05681818181818182,0.05681818181818182,0.04995711835334482,0.03428194133270035
inf,inf,inf,inf,inf,inf,inf,inf,inf,inf,inf,inf,inf,inf,inf,inf,inf,inf,inf,inf,inf,inf,inf,inf,inf,inf,inf,inf,inf,inf,inf,inf,inf,inf,inf,inf,inf,inf,inf,inf,inf,inf,inf,inf,inf,inf,inf,inf,inf,inf,inf,inf,inf,inf,inf,inf,inf,inf,inf,inf,inf,inf,inf,inf,inf,inf,inf,inf,inf,inf,inf,inf,inf,inf,inf,inf,inf,inf,inf,inf,0.030701754385964897,0.030701754385964897,0.04021439693376461,0.0,0.03111542610571738,0.04397694688129916,0.030701754385964897,0.035739108323444624,inf,0.026754385964912197,0.0473529411764706,0.03416822856782853,0.030701754385964897,0.030701754385964897,0.026454064771976205,0.035141329258976284,0.030701754385964897,0.030701754385964897,0.02768166089965396,0.044956246961594615
inf,inf,inf,inf,inf,inf,inf,inf,inf,inf,inf,inf,inf,inf,inf,inf,inf,inf,inf,inf,inf,inf,inf,inf,inf,inf,inf,inf,inf,inf,inf,inf,inf,inf,inf,inf,inf,inf,inf,inf,inf,inf,inf,inf,inf,inf,inf,inf,inf,inf,inf,inf,inf,inf,inf,inf,inf,inf,inf,inf,inf,inf,inf,inf,inf,inf,inf,inf,inf,inf,inf,inf,inf,inf,inf,inf,inf,inf,inf,inf,0.0301828133552271,0.030696169402807505,0.05279565567176181,0.03111542610571738,0.0,0.02652894864466071,0.035290362185389834,0.029366559303836803,inf,0.025776746584171173,0.04098039215686278,0.025865596710283434,0.025000000000000022,0.026392764857881112,0.04263492063492058,0.035141329258976284,0.025396311291048135,0.021661603486989867,0.02572907153729065,0.038583697941986794
inf,inf,inf,inf,inf,inf,inf,inf,inf,inf,inf,inf,inf,inf,inf,inf,inf,inf,inf,inf,inf,inf,inf,inf,inf,inf,inf,inf,inf,inf,inf,inf,inf,inf,inf,inf,inf,inf,inf,inf,inf,inf,inf,inf,inf,inf,inf,inf,inf,inf,inf,inf,inf,inf,inf,inf,inf,inf,inf,inf,inf,inf,inf,inf,inf,inf,inf,inf,inf,inf,inf,inf,inf,inf,inf,inf,inf,inf,inf,inf,0.018239344872510777,0.03155400349214266,0.05681818181818182,0.04397694688129916,0.02652894864466071,0.0,0.036280701754386024,0.05090320406698212,inf,0.04968978973077676,0.06472935894237963,0.05169941201778294,0.03076923076923077,0.028588148224643284,0.03482972136222917,0.04471300162785763,0.02894736842105261,0.025864617203665397,0.04279588268957901,0.05321664967473827
inf,inf,inf,inf,inf,inf,inf,inf,inf,inf,inf,inf,inf,inf,inf,inf,inf,inf,inf,inf,inf,inf,inf,inf,inf,inf,inf,inf,inf,inf,inf,inf,inf,inf,inf,inf,inf,inf,inf,inf,inf,inf,inf,inf,inf,inf,inf,inf,inf,inf,inf,inf,inf,inf,inf,inf,inf,inf,inf,inf,inf,inf,inf,inf,inf,inf,inf,inf,inf,inf,inf,inf,inf,inf,inf,inf,inf,inf,inf,inf,0.02622566690699346,0.029222916330307158,0.05681818181818182,0.030701754385964897,0.035290362185389834,0.036280701754386024,0.0,0.03400908175479267,inf,0.030401105494745284,0.02844865718799361,0.03424657534246578,0.031461240310077576,0.02606080855329107,0.027705094659073448,0.035141329258976284,0.025162220620043363,0.02672108843537413,0.028566253951527898,0.041466346153846145
inf,inf,inf,inf,inf,inf,inf,inf,inf,inf,inf,inf,inf,inf,inf,inf,inf,inf,inf,inf,inf,inf,inf,inf,inf,inf,inf,inf,inf,inf,inf,inf,inf,inf,inf,inf,inf,inf,inf,inf,inf,inf,inf,inf,inf,inf,inf,inf,inf,inf,inf,inf,inf,inf,inf,inf,inf,inf,inf,inf,inf,inf,inf,inf,inf,inf,inf,inf,inf,inf,inf,inf,inf,inf,inf,inf,inf,inf,inf,inf,0.032663859194471345,0.03308610554505653,0.05681818181818182,0.035739108323444624,0.029366559303836803,0.05090320406698212,0.03400908175479267,0.0,inf,0.043806727894637576,0.04828199052132698,0.03525204359673029,0.025212620974002453,0.03010958077812398,0.021329365079365004,0.035141329258976284,0.0356268221574344,0.025038586863316725,0.03136629959730519,0.041466346153846145
inf,inf,inf,inf,0.0289927768860353,inf,inf,inf,inf,inf,inf,inf,inf,inf,inf,inf,inf,inf,inf,inf,inf,inf,inf,inf,inf,inf,inf,inf,inf,inf,inf,0.040902605934081904,inf,inf,inf,inf,inf,inf,inf,inf,inf,inf,inf,inf,inf,inf,inf,0.03746654772524527,inf,inf,inf,inf,inf,inf,inf,inf,inf,0.03696718219539796,inf,inf,inf,0.052608695652173854,0.03542539213270923,inf,0.0373970757401465,0.044793569601753735,0.032539685114472805,0.03348588863462998,0.03701900801726621,0.030004706470567966,inf,0.031427496708670344,inf,0.04941367490528592,0.059082385031752116,0.05402417751815347,0.0373673230783339,0.03590576183561778,0.044147157190635444,0.046245059288537504,inf,inf,inf,inf,inf,inf,inf,inf,0.0,inf,inf,inf,inf,inf,inf,inf,inf,inf,inf,inf
inf,inf,inf,inf,inf,inf,inf,inf,inf,inf,inf,inf,inf,inf,inf,inf,inf,inf,inf,inf,inf,inf,inf,inf,inf,inf,inf,inf,inf,inf,inf,inf,inf,inf,inf,inf,inf,inf,inf,inf,inf,inf,inf,inf,inf,inf,inf,inf,inf,inf,inf,inf,inf,inf,inf,inf,inf,inf,inf,inf,inf,inf,inf,inf,inf,inf,inf,inf,inf,inf,inf,inf,inf,inf,inf,inf,inf,inf,inf,inf,0.03145044485826598,0.03187269120885117,0.05681818181818182,0.026754385964912197,0.025776746584171173,0.04968978973077676,0.030401105494745284,0.043806727894637576,inf,0.0,0.05542056074766355,0.03941871026339694,0.026739926739926756,0.028896166441918614,0.03452168434316916,0.035141329258976284,0.034413407821229036,0.02382517252711136,0.012687555163283348,0.05302386653278757
inf,inf,inf,inf,inf,inf,inf,inf,inf,inf,inf,inf,inf,inf,inf,inf,inf,inf,inf,inf,inf,inf,inf,inf,inf,inf,inf,inf,inf,inf,inf,inf,inf,inf,inf,inf,inf,inf,inf,inf,inf,inf,inf,inf,inf,inf,inf,inf,inf,inf,inf,inf,inf,inf,inf,inf,inf,inf,inf,inf,inf,inf,inf,inf,inf,inf,inf,inf,inf,inf,inf,inf,inf,inf,inf,inf,inf,inf,inf,inf,0.04904729664377594,0.035454545454545405,0.0555072103431129,0.0473529411764706,0.04098039215686278,0.06472935894237963,0.02844865718799361,0.04828199052132698,inf,0.05542056074766355,0.0,0.02692307692307694,0.059909897498071185,0.04844517589991704,0.029899637580150462,0.06174509415670404,0.03768875192604004,0.05516974562336774,0.05066748670453314,0.06599589426464247
inf,inf,inf,inf,inf,inf,inf,inf,inf,inf,inf,inf,inf,inf,inf,inf,inf,inf,inf,inf,inf,inf,inf,inf,inf,inf,inf,inf,inf,inf,inf,inf,inf,inf,inf,inf,inf,inf,inf,inf,inf,inf,inf,inf,inf,inf,inf,inf,inf,inf,inf,inf,inf,inf,inf,inf,inf,inf,inf,inf,inf,inf,inf,inf,inf,inf,inf,inf,inf,inf,inf,inf,inf,inf,inf,inf,inf,inf,inf,inf,0.03601734971917925,0.027642237425997918,0.05681818181818182,0.03416822856782853,0.025865596710283434,0.05169941201778294,0.03424657534246578,0.03525204359673029,inf,0.03941871026339694,0.02692307692307694,0.0,0.046879950573474494,0.035415228975320345,0.02073974243785559,0.04871514723210735,0.030182954038375787,0.04213979869877105,0.037637539779936446,0.05296594734004578
inf,inf,inf,inf,inf,inf,inf,inf,inf,inf,inf,inf,inf,inf,inf,inf,inf,inf,inf,inf,inf,inf,inf,inf,inf,inf,inf,inf,inf,inf,inf,inf,inf,inf,inf,inf,inf,inf,inf,inf,inf,inf,inf,inf,inf,inf,inf,inf,inf,inf,inf,inf,inf,inf,inf,inf,inf,inf,inf,inf,inf,inf,inf,inf,inf,inf,inf,inf,inf,inf,inf,inf,inf,inf,inf,inf,inf,inf,inf,inf,0.02611336032388667,0.03076923076923077,0.05681818181818182,0.030701754385964897,0.025000000000000022,0.03076923076923077,0.031461240310077576,0.025212620974002453,inf,0.026739926739926756,0.059909897498071185,0.046879950573474494,0.0,0.020489296636085674,0.030010259917920723,0.035141329258976284,0.0287449392712551,0.02611336032388667,0.027290137248643487,0.041466346153846145
inf,inf,inf,inf,inf,inf,inf,inf,inf,inf,inf,inf,inf,inf,inf,inf,inf,inf,inf,inf,inf,inf,inf,inf,inf,inf,inf,inf,inf,inf,inf,inf,inf,inf,inf,inf,inf,inf,inf,inf,inf,inf,inf,inf,inf,inf,inf,inf,inf,inf,inf,inf,inf,inf,inf,inf,inf,inf,inf,inf,inf,inf,inf,inf,inf,inf,inf,inf,inf,inf,inf,inf,inf,inf,inf,inf,inf,inf,inf,inf,0.02906976744186046,0.019323416611479516,0.05681818181818182,0.030701754385964897,0.026392764857881112,0.028588148224643284,0.02606080855329107,0.03010958077812398,inf,0.028896166441918614,0.04844517589991704,0.035415228975320345,0.020489296636085674,0.0,0.02095118374188132,0.035141329258976284,0.02232451705603755,0.02267149701998361,0.023578811369509012,0.041466346153846145
inf,inf,inf,inf,inf,inf,inf,inf,inf,inf,inf,inf,inf,inf,inf,inf,inf,inf,inf,inf,inf,inf,inf,inf,inf,inf,inf,inf,inf,inf,inf,inf,inf,inf,inf,inf,inf,inf,inf,inf,inf,inf,inf,inf,inf,inf,inf,inf,inf,inf,inf,inf,inf,inf,inf,inf,inf,inf,inf,inf,inf,inf,inf,inf,inf,inf,inf,inf,inf,inf,inf,inf,inf,inf,inf,inf,inf,inf,inf,inf,0.020731558378114245,0.017872124981918147,0.048053403995108046,0.026454064771976205,0.04263492063492058,0.03482972136222917,0.027705094659073448,0.021329365079365004,inf,0.03452168434316916,0.029899637580150462,0.02073974243785559,0.030010259917920723,0.02095118374188132,0.0,0.035141329258976284,0.017872124981918147,0.025270108043217276,0.022081256045836772,0.03609625668449201
inf,inf,inf,inf,inf,inf,inf,inf,inf,inf,inf,inf,inf,inf,inf,inf,inf,inf,inf,inf,inf,inf,inf,inf,inf,inf,inf,inf,inf,inf,inf,inf,inf,inf,inf,inf,inf,inf,inf,inf,inf,inf,inf,inf,inf,inf,inf,inf,inf,inf,inf,inf,inf,inf,inf,inf,inf,inf,inf,inf,inf,inf,inf,inf,inf,inf,inf,inf,inf,inf,inf,inf,inf,inf,inf,inf,inf,inf,inf,inf,0.03414034424059009,0.035141329258976284,0.05147058823529416,0.035141329258976284,0.035141329258976284,0.04471300162785763,0.035141329258976284,0.035141329258976284,inf,0.035141329258976284,0.06174509415670404,0.04871514723210735,0.035141329258976284,0.035141329258976284,0.035141329258976284,0.0,0.035141329258976284,0.035141329258976284,0.035141329258976284,0.03344174208144801
inf,inf,inf,inf,inf,inf,inf,inf,inf,inf,inf,inf,inf,inf,inf,inf,inf,inf,inf,inf,inf,inf,inf,inf,inf,inf,inf,inf,inf,inf,inf,inf,inf,inf,inf,inf,inf,inf,inf,inf,inf,inf,inf,inf,inf,inf,inf,inf,inf,inf,inf,inf,inf,inf,inf,inf,inf,inf,inf,inf,inf,inf,inf,inf,inf,inf,inf,inf,inf,inf,inf,inf,inf,inf,inf,inf,inf,inf,inf,inf,0.019612702818809558,0.022186478219597072,0.05681818181818182,0.030701754385964897,0.025396311291048135,0.02894736842105261,0.025162220620043363,0.0356268221574344,inf,0.034413407821229036,0.03768875192604004,0.030182954038375787,0.0287449392712551,0.02232451705603755,0.017872124981918147,0.035141329258976284,0.0,0.019387755102040716,0.027519500780031292,0.041466346153846145
inf,inf,inf,inf,inf,inf,inf,inf,inf,inf,inf,inf,inf,inf,inf,inf,inf,inf,inf,inf,inf,inf,inf,inf,inf,inf,inf,inf,inf,inf,inf,inf,inf,inf,inf,inf,inf,inf,inf,inf,inf,inf,inf,inf,inf,inf,inf,inf,inf,inf,inf,inf,inf,inf,inf,inf,inf,inf,inf,inf,inf,inf,inf,inf,inf,inf,inf,inf,inf,inf,inf,inf,inf,inf,inf,inf,inf,inf,inf,inf,0.017202096149464552,0.022627616848722387,0.05681818181818182,0.030701754385964897,0.021661603486989867,0.025864617203665397,0.02672108843537413,0.025038586863316725,inf,0.02382517252711136,0.05516974562336774,0.04213979869877105,0.02611336032388667,0.02267149701998361,0.025270108043217276,0.035141329258976284,0.019387755102040716,0.0,0.021883340675287077,0.041466346153846145
inf,inf,inf,inf,inf,inf,inf,inf,inf,inf,inf,inf,inf,inf,inf,inf,inf,inf,inf,inf,inf,inf,inf,inf,inf,inf,inf,inf,inf,inf,inf,inf,inf,inf,inf,inf,inf,inf,inf,inf,inf,inf,inf,inf,inf,inf,inf,inf,inf,inf,inf,inf,inf,inf,inf,inf,inf,inf,inf,inf,inf,inf,inf,inf,inf,inf,inf,inf,inf,inf,inf,inf,inf,inf,inf,inf,inf,inf,inf,inf,0.024556537817068236,0.024978784167653423,0.04995711835334482,0.02768166089965396,0.02572907153729065,0.04279588268957901,0.028566253951527898,0.03136629959730519,inf,0.012687555163283348,0.05066748670453314,0.037637539779936446,0.027290137248643487,0.023578811369509012,0.022081256045836772,0.035141329258976284,0.027519500780031292,0.021883340675287077,0.0,0.04058343823545518
inf,inf,inf,inf,inf,inf,inf,inf,inf,inf,inf,inf,inf,inf,inf,inf,inf,inf,inf,inf,inf,inf,inf,inf,inf,inf,inf,inf,inf,inf,inf,inf,inf,inf,inf,inf,inf,inf,inf,inf,inf,inf,inf,inf,inf,inf,inf,inf,inf,inf,inf,inf,inf,inf,inf,inf,inf,inf,inf,inf,inf,inf,inf,inf,inf,inf,inf,inf,inf,inf,inf,inf,inf,inf,inf,inf,inf,inf,inf,inf,0.03989798311444648,0.041466346153846145,0.03428194133270035,0.044956246961594615,0.038583697941986794,0.05321664967473827,0.041466346153846145,0.041466346153846145,inf,0.05302386653278757,0.06599589426464247,0.05296594734004578,0.041466346153846145,0.041466346153846145,0.03609625668449201,0.03344174208144801,0.041466346153846145,0.041466346153846145,0.04058343823545518,0.0
